doc_id,block_id,block_type,caption_text,candidate_rule,confidence,label,rationale,recommended_cleanup_action,risk_if_wrong
doc_0027,p5_b0081,figure_caption,Fig. 4. The P.,broken_organism_or_abbreviation_prefix,high,safe_to_demote,"Nearby preview shows a split organism or abbreviation prefix, e.g. E. + coli / S. + cerevisiae, rather than a standalone caption.",demote_fragment_caption_preserve_text_with_cleanup_metadata,"If wrong, a real caption mentioning an abbreviated organism could be demoted; require the continuation evidence in 5D-3."
doc_0050,p4_b0030,figure_caption,Fig. 3.,number_only_caption,high,eval_only_noise,"The standalone number is noisy as an eval/probe target, but the next block appears to contain a real figure caption body.",exclude_as_eval_target_or_require_caption_merge_before_cleanup,Direct demotion could split a real caption marker from its descriptive body.
doc_0050,p8_b0071,figure_caption,Fig. 7.,number_only_caption,high,eval_only_noise,"The standalone number is noisy as an eval/probe target, but the next block appears to contain a real figure caption body.",exclude_as_eval_target_or_require_caption_merge_before_cleanup,Direct demotion could split a real caption marker from its descriptive body.
doc_0050,p8_b0074,figure_caption,Fig. 8.,number_only_caption,high,eval_only_noise,"The standalone number is noisy as an eval/probe target, but the next block appears to contain a real figure caption body.",exclude_as_eval_target_or_require_caption_merge_before_cleanup,Direct demotion could split a real caption marker from its descriptive body.
doc_0073,p5_b0078,figure_caption,Figure 3.,number_only_caption,high,eval_only_noise,"The standalone number is noisy as an eval/probe target, but the next block appears to contain a real figure caption body.",exclude_as_eval_target_or_require_caption_merge_before_cleanup,Direct demotion could split a real caption marker from its descriptive body.
doc_0073,p6_b0087,figure_caption,Figure 5.,number_only_caption,high,eval_only_noise,"The standalone number is noisy as an eval/probe target, but the next block appears to contain a real figure caption body.",exclude_as_eval_target_or_require_caption_merge_before_cleanup,Direct demotion could split a real caption marker from its descriptive body.
doc_0073,p7_b0093,figure_caption,Figure 6.,number_only_caption,high,eval_only_noise,"The standalone number is noisy as an eval/probe target, but the next block appears to contain a real figure caption body.",exclude_as_eval_target_or_require_caption_merge_before_cleanup,Direct demotion could split a real caption marker from its descriptive body.
doc_0073,p7_b0095,figure_caption,Figure 7.,number_only_caption,high,eval_only_noise,"The standalone number is noisy as an eval/probe target, but the next block appears to contain a real figure caption body.",exclude_as_eval_target_or_require_caption_merge_before_cleanup,Direct demotion could split a real caption marker from its descriptive body.
doc_0083,p11_b0104,figure_caption,Figure S1. The S.,broken_organism_or_abbreviation_prefix,high,safe_to_demote,"Nearby preview shows a split organism or abbreviation prefix, e.g. E. + coli / S. + cerevisiae, rather than a standalone caption.",demote_fragment_caption_preserve_text_with_cleanup_metadata,"If wrong, a real caption mentioning an abbreviated organism could be demoted; require the continuation evidence in 5D-3."
doc_0118,p6_b0065,figure_caption,Fig 4. The C.,article_plus_single_letter_fragment,high,safe_to_demote,Caption is only a table/figure marker plus article and one letter; nearby text shows the organism/name continues outside the caption block.,demote_fragment_caption_preserve_text_with_cleanup_metadata,"If wrong, a real panel-level caption marker could lose caption evidence; current nearby preview makes that unlikely."
doc_0218,p15_b0172,figure_caption,Figure S1.,number_only_caption,high,eval_only_noise,"The standalone number is noisy as an eval/probe target, but the next block appears to contain a real figure caption body.",exclude_as_eval_target_or_require_caption_merge_before_cleanup,Direct demotion could split a real caption marker from its descriptive body.
doc_0218,p16_b0175,figure_caption,Figure S2.,number_only_caption,high,eval_only_noise,"The standalone number is noisy as an eval/probe target, but the next block appears to contain a real figure caption body.",exclude_as_eval_target_or_require_caption_merge_before_cleanup,Direct demotion could split a real caption marker from its descriptive body.
doc_0218,p17_b0178,figure_caption,Figure S3.,number_only_caption,high,eval_only_noise,"The standalone number is noisy as an eval/probe target, but the next block appears to contain a real figure caption body.",exclude_as_eval_target_or_require_caption_merge_before_cleanup,Direct demotion could split a real caption marker from its descriptive body.
doc_0218,p18_b0181,figure_caption,Figure S4.,number_only_caption,high,eval_only_noise,"The standalone number is noisy as an eval/probe target, but the next block appears to contain a real figure caption body.",exclude_as_eval_target_or_require_caption_merge_before_cleanup,Direct demotion could split a real caption marker from its descriptive body.
doc_0218,p19_b0185,figure_caption,Figure S5.,number_only_caption,high,eval_only_noise,"The standalone number is noisy as an eval/probe target, but the next block appears to contain a real figure caption body.",exclude_as_eval_target_or_require_caption_merge_before_cleanup,Direct demotion could split a real caption marker from its descriptive body.
doc_0218,p3_b0043,figure_caption,Figure 1.,number_only_caption,high,eval_only_noise,"The standalone number is noisy as an eval/probe target, but the next block appears to contain a real figure caption body.",exclude_as_eval_target_or_require_caption_merge_before_cleanup,Direct demotion could split a real caption marker from its descriptive body.
doc_0218,p4_b0051,figure_caption,Figure 2.,number_only_caption,high,eval_only_noise,"The standalone number is noisy as an eval/probe target, but the next block appears to contain a real figure caption body.",exclude_as_eval_target_or_require_caption_merge_before_cleanup,Direct demotion could split a real caption marker from its descriptive body.
doc_0250,p4_b0075,figure_caption,Figure 1.,number_only_caption,high,eval_only_noise,"The standalone number is noisy as an eval/probe target, but the next block appears to contain a real figure caption body.",exclude_as_eval_target_or_require_caption_merge_before_cleanup,Direct demotion could split a real caption marker from its descriptive body.
doc_0250,p6_b0104,figure_caption,Figure 3.,number_only_caption,high,eval_only_noise,"The standalone number is noisy as an eval/probe target, but the next block appears to contain a real figure caption body.",exclude_as_eval_target_or_require_caption_merge_before_cleanup,Direct demotion could split a real caption marker from its descriptive body.
doc_0268,p4_b0059,figure_caption,Fig. 2.,number_only_caption,high,eval_only_noise,"The standalone number is noisy as an eval/probe target, but the next block appears to contain a real figure caption body.",exclude_as_eval_target_or_require_caption_merge_before_cleanup,Direct demotion could split a real caption marker from its descriptive body.
doc_0268,p4_b0066,figure_caption,Fig. 4.,number_only_caption,high,eval_only_noise,"The standalone number is noisy as an eval/probe target, but the next block appears to contain a real figure caption body.",exclude_as_eval_target_or_require_caption_merge_before_cleanup,Direct demotion could split a real caption marker from its descriptive body.
doc_0335,p7_b0095,figure_caption,Figure 2. The B.,article_plus_single_letter_fragment,high,safe_to_demote,Caption is only a table/figure marker plus article and one letter; nearby text shows the organism/name continues outside the caption block.,demote_fragment_caption_preserve_text_with_cleanup_metadata,"If wrong, a real panel-level caption marker could lose caption evidence; current nearby preview makes that unlikely."
doc_0335,p8_b0107,figure_caption,Figure 3. The B.,article_plus_single_letter_fragment,high,safe_to_demote,Caption is only a table/figure marker plus article and one letter; nearby text shows the organism/name continues outside the caption block.,demote_fragment_caption_preserve_text_with_cleanup_metadata,"If wrong, a real panel-level caption marker could lose caption evidence; current nearby preview makes that unlikely."
doc_0351,p10_b0092,figure_caption,Figure 4.,number_only_caption,high,eval_only_noise,"The standalone number is noisy as an eval/probe target, but the next block appears to contain a real figure caption body.",exclude_as_eval_target_or_require_caption_merge_before_cleanup,Direct demotion could split a real caption marker from its descriptive body.
doc_0351,p6_b0072,figure_caption,Figure 1.,number_only_caption,high,eval_only_noise,"The standalone number is noisy as an eval/probe target, but the next block appears to contain a real figure caption body.",exclude_as_eval_target_or_require_caption_merge_before_cleanup,Direct demotion could split a real caption marker from its descriptive body.
doc_0457,p2_b0020,figure_caption,Fig. 2.,number_only_caption,high,eval_only_noise,"The standalone number is noisy as an eval/probe target, but the next block appears to contain a real figure caption body.",exclude_as_eval_target_or_require_caption_merge_before_cleanup,Direct demotion could split a real caption marker from its descriptive body.
doc_0457,p3_b0034,figure_caption,Fig. 3.,number_only_caption,high,eval_only_noise,"The standalone number is noisy as an eval/probe target, but the next block appears to contain a real figure caption body.",exclude_as_eval_target_or_require_caption_merge_before_cleanup,Direct demotion could split a real caption marker from its descriptive body.
doc_0462,p6_b0065,figure_caption,Fig 4. The C.,article_plus_single_letter_fragment,high,safe_to_demote,Caption is only a table/figure marker plus article and one letter; nearby text shows the organism/name continues outside the caption block.,demote_fragment_caption_preserve_text_with_cleanup_metadata,"If wrong, a real panel-level caption marker could lose caption evidence; current nearby preview makes that unlikely."
doc_0576,p4_b0031,figure_caption,Fig. 1.,number_only_caption,high,eval_only_noise,"The standalone number is noisy as an eval/probe target, but the next block appears to contain a real figure caption body.",exclude_as_eval_target_or_require_caption_merge_before_cleanup,Direct demotion could split a real caption marker from its descriptive body.
doc_0576,p5_b0041,figure_caption,Fig. 2.,number_only_caption,high,eval_only_noise,"The standalone number is noisy as an eval/probe target, but the next block appears to contain a real figure caption body.",exclude_as_eval_target_or_require_caption_merge_before_cleanup,Direct demotion could split a real caption marker from its descriptive body.
doc_0576,p5_b0047,figure_caption,Fig. 3.,number_only_caption,high,eval_only_noise,"The standalone number is noisy as an eval/probe target, but the next block appears to contain a real figure caption body.",exclude_as_eval_target_or_require_caption_merge_before_cleanup,Direct demotion could split a real caption marker from its descriptive body.
doc_0576,p6_b0059,figure_caption,Fig. 4.,number_only_caption,high,eval_only_noise,"The standalone number is noisy as an eval/probe target, but the next block appears to contain a real figure caption body.",exclude_as_eval_target_or_require_caption_merge_before_cleanup,Direct demotion could split a real caption marker from its descriptive body.
doc_0576,p6_b0065,figure_caption,Fig. 5.,number_only_caption,high,eval_only_noise,"The standalone number is noisy as an eval/probe target, but the next block appears to contain a real figure caption body.",exclude_as_eval_target_or_require_caption_merge_before_cleanup,Direct demotion could split a real caption marker from its descriptive body.
doc_0685,p17_b0161,figure_caption,Figure 3. A.,broken_organism_or_abbreviation_prefix,high,needs_manual_pdf_check,"The block is single-letter-like, but the preview does not strongly prove an organism/name split.",do_not_clean_until_pdf_layout_check,Demoting without visual/layout confirmation could remove a valid panel label or real short caption.
doc_0104,p2_b0022,table_caption,Table 1. E.,broken_organism_or_abbreviation_prefix,high,safe_to_demote,"Nearby preview shows a split organism or abbreviation prefix, e.g. E. + coli / S. + cerevisiae, rather than a standalone caption.",demote_fragment_caption_preserve_text_with_cleanup_metadata,"If wrong, a real caption mentioning an abbreviated organism could be demoted; require the continuation evidence in 5D-3."
doc_0105,p2_b0018,table_caption,Table 1. E.,broken_organism_or_abbreviation_prefix,high,safe_to_demote,"Nearby preview shows a split organism or abbreviation prefix, e.g. E. + coli / S. + cerevisiae, rather than a standalone caption.",demote_fragment_caption_preserve_text_with_cleanup_metadata,"If wrong, a real caption mentioning an abbreviated organism could be demoted; require the continuation evidence in 5D-3."
doc_0119,p2_b0016,table_caption,Table S1. E.,broken_organism_or_abbreviation_prefix,high,safe_to_demote,"Nearby preview shows a split organism or abbreviation prefix, e.g. E. + coli / S. + cerevisiae, rather than a standalone caption.",demote_fragment_caption_preserve_text_with_cleanup_metadata,"If wrong, a real caption mentioning an abbreviated organism could be demoted; require the continuation evidence in 5D-3."
doc_0120,p3_b0025,table_caption,Table 1. E.,broken_organism_or_abbreviation_prefix,high,safe_to_demote,"Nearby preview shows a split organism or abbreviation prefix, e.g. E. + coli / S. + cerevisiae, rather than a standalone caption.",demote_fragment_caption_preserve_text_with_cleanup_metadata,"If wrong, a real caption mentioning an abbreviated organism could be demoted; require the continuation evidence in 5D-3."
doc_0128,p8_b0095,table_caption,Table 1. E.,broken_organism_or_abbreviation_prefix,high,safe_to_demote,"Nearby preview shows a split organism or abbreviation prefix, e.g. E. + coli / S. + cerevisiae, rather than a standalone caption.",demote_fragment_caption_preserve_text_with_cleanup_metadata,"If wrong, a real caption mentioning an abbreviated organism could be demoted; require the continuation evidence in 5D-3."
doc_0128,p8_b0105,table_caption,Table 1. E.,broken_organism_or_abbreviation_prefix,high,safe_to_demote,"Nearby preview shows a split organism or abbreviation prefix, e.g. E. + coli / S. + cerevisiae, rather than a standalone caption.",demote_fragment_caption_preserve_text_with_cleanup_metadata,"If wrong, a real caption mentioning an abbreviated organism could be demoted; require the continuation evidence in 5D-3."
doc_0129,p8_b0095,table_caption,Table 1. E.,broken_organism_or_abbreviation_prefix,high,safe_to_demote,"Nearby preview shows a split organism or abbreviation prefix, e.g. E. + coli / S. + cerevisiae, rather than a standalone caption.",demote_fragment_caption_preserve_text_with_cleanup_metadata,"If wrong, a real caption mentioning an abbreviated organism could be demoted; require the continuation evidence in 5D-3."
doc_0129,p8_b0105,table_caption,Table 1. E.,broken_organism_or_abbreviation_prefix,high,safe_to_demote,"Nearby preview shows a split organism or abbreviation prefix, e.g. E. + coli / S. + cerevisiae, rather than a standalone caption.",demote_fragment_caption_preserve_text_with_cleanup_metadata,"If wrong, a real caption mentioning an abbreviated organism could be demoted; require the continuation evidence in 5D-3."
doc_0151,p2_b0021,table_caption,Table 1. E.,broken_organism_or_abbreviation_prefix,high,safe_to_demote,"Nearby preview shows a split organism or abbreviation prefix, e.g. E. + coli / S. + cerevisiae, rather than a standalone caption.",demote_fragment_caption_preserve_text_with_cleanup_metadata,"If wrong, a real caption mentioning an abbreviated organism could be demoted; require the continuation evidence in 5D-3."
doc_0151,p2_b0025,table_caption,Table 1. E.,broken_organism_or_abbreviation_prefix,high,safe_to_demote,"Nearby preview shows a split organism or abbreviation prefix, e.g. E. + coli / S. + cerevisiae, rather than a standalone caption.",demote_fragment_caption_preserve_text_with_cleanup_metadata,"If wrong, a real caption mentioning an abbreviated organism could be demoted; require the continuation evidence in 5D-3."
doc_0158,p8_b0066,table_caption,Table 1. The K.,broken_organism_or_abbreviation_prefix,high,safe_to_demote,"Nearby preview shows a split organism or abbreviation prefix, e.g. E. + coli / S. + cerevisiae, rather than a standalone caption.",demote_fragment_caption_preserve_text_with_cleanup_metadata,"If wrong, a real caption mentioning an abbreviated organism could be demoted; require the continuation evidence in 5D-3."
doc_0161,p12_b0066,table_caption,Table S3. C.,broken_organism_or_abbreviation_prefix,high,needs_manual_pdf_check,"The block is single-letter-like, but the preview does not strongly prove an organism/name split.",do_not_clean_until_pdf_layout_check,Demoting without visual/layout confirmation could remove a valid panel label or real short caption.
doc_0167,p3_b0032,table_caption,Table 1. E.,broken_organism_or_abbreviation_prefix,high,safe_to_demote,"Nearby preview shows a split organism or abbreviation prefix, e.g. E. + coli / S. + cerevisiae, rather than a standalone caption.",demote_fragment_caption_preserve_text_with_cleanup_metadata,"If wrong, a real caption mentioning an abbreviated organism could be demoted; require the continuation evidence in 5D-3."
doc_0170,p2_b0016,table_caption,Table S1. E.,broken_organism_or_abbreviation_prefix,high,safe_to_demote,"Nearby preview shows a split organism or abbreviation prefix, e.g. E. + coli / S. + cerevisiae, rather than a standalone caption.",demote_fragment_caption_preserve_text_with_cleanup_metadata,"If wrong, a real caption mentioning an abbreviated organism could be demoted; require the continuation evidence in 5D-3."
doc_0172,p2_b0021,table_caption,Table S1. The E.,broken_organism_or_abbreviation_prefix,high,safe_to_demote,"Nearby preview shows a split organism or abbreviation prefix, e.g. E. + coli / S. + cerevisiae, rather than a standalone caption.",demote_fragment_caption_preserve_text_with_cleanup_metadata,"If wrong, a real caption mentioning an abbreviated organism could be demoted; require the continuation evidence in 5D-3."
doc_0192,p3_b0027,table_caption,Table 2. E.,broken_organism_or_abbreviation_prefix,high,safe_to_demote,"Nearby preview shows a split organism or abbreviation prefix, e.g. E. + coli / S. + cerevisiae, rather than a standalone caption.",demote_fragment_caption_preserve_text_with_cleanup_metadata,"If wrong, a real caption mentioning an abbreviated organism could be demoted; require the continuation evidence in 5D-3."
doc_0192,p4_b0038,table_caption,Table 2. E.,broken_organism_or_abbreviation_prefix,high,safe_to_demote,"Nearby preview shows a split organism or abbreviation prefix, e.g. E. + coli / S. + cerevisiae, rather than a standalone caption.",demote_fragment_caption_preserve_text_with_cleanup_metadata,"If wrong, a real caption mentioning an abbreviated organism could be demoted; require the continuation evidence in 5D-3."
doc_0195,p3_b0027,table_caption,Table 2. E.,broken_organism_or_abbreviation_prefix,high,safe_to_demote,"Nearby preview shows a split organism or abbreviation prefix, e.g. E. + coli / S. + cerevisiae, rather than a standalone caption.",demote_fragment_caption_preserve_text_with_cleanup_metadata,"If wrong, a real caption mentioning an abbreviated organism could be demoted; require the continuation evidence in 5D-3."
doc_0195,p4_b0038,table_caption,Table 2. E.,broken_organism_or_abbreviation_prefix,high,safe_to_demote,"Nearby preview shows a split organism or abbreviation prefix, e.g. E. + coli / S. + cerevisiae, rather than a standalone caption.",demote_fragment_caption_preserve_text_with_cleanup_metadata,"If wrong, a real caption mentioning an abbreviated organism could be demoted; require the continuation evidence in 5D-3."
doc_0196,p3_b0021,table_caption,Table 1. E.,broken_organism_or_abbreviation_prefix,high,safe_to_demote,"Nearby preview shows a split organism or abbreviation prefix, e.g. E. + coli / S. + cerevisiae, rather than a standalone caption.",demote_fragment_caption_preserve_text_with_cleanup_metadata,"If wrong, a real caption mentioning an abbreviated organism could be demoted; require the continuation evidence in 5D-3."
doc_0202,p2_b0024,table_caption,Table 1. E.,broken_organism_or_abbreviation_prefix,high,safe_to_demote,"Nearby preview shows a split organism or abbreviation prefix, e.g. E. + coli / S. + cerevisiae, rather than a standalone caption.",demote_fragment_caption_preserve_text_with_cleanup_metadata,"If wrong, a real caption mentioning an abbreviated organism could be demoted; require the continuation evidence in 5D-3."
doc_0212,p2_b0018,table_caption,Table S1. The E.,broken_organism_or_abbreviation_prefix,high,safe_to_demote,"Nearby preview shows a split organism or abbreviation prefix, e.g. E. + coli / S. + cerevisiae, rather than a standalone caption.",demote_fragment_caption_preserve_text_with_cleanup_metadata,"If wrong, a real caption mentioning an abbreviated organism could be demoted; require the continuation evidence in 5D-3."
doc_0268,p4_b0069,table_caption,Table 2.,number_only_caption,high,keep_as_caption,The number-only block appears to be the table marker for a real caption whose title/body is in the next block.,protect_from_length_or_number_only_cleanup,Demoting this could lose table-caption evidence unless a future merger preserves the adjacent title.
doc_0316,p7_b0069,table_caption,Table S1. E.,broken_organism_or_abbreviation_prefix,high,safe_to_demote,"Nearby preview shows a split organism or abbreviation prefix, e.g. E. + coli / S. + cerevisiae, rather than a standalone caption.",demote_fragment_caption_preserve_text_with_cleanup_metadata,"If wrong, a real caption mentioning an abbreviated organism could be demoted; require the continuation evidence in 5D-3."
doc_0353,p7_b0026,table_caption,Table 1. E.,broken_organism_or_abbreviation_prefix,high,safe_to_demote,"Nearby preview shows a split organism or abbreviation prefix, e.g. E. + coli / S. + cerevisiae, rather than a standalone caption.",demote_fragment_caption_preserve_text_with_cleanup_metadata,"If wrong, a real caption mentioning an abbreviated organism could be demoted; require the continuation evidence in 5D-3."
doc_0356,p9_b0076,table_caption,Table S1.,number_only_caption,high,keep_as_caption,The number-only block appears to be the table marker for a real caption whose title/body is in the next block.,protect_from_length_or_number_only_cleanup,Demoting this could lose table-caption evidence unless a future merger preserves the adjacent title.
doc_0387,p2_b0017,table_caption,Table 1. E.,broken_organism_or_abbreviation_prefix,high,safe_to_demote,"Nearby preview shows a split organism or abbreviation prefix, e.g. E. + coli / S. + cerevisiae, rather than a standalone caption.",demote_fragment_caption_preserve_text_with_cleanup_metadata,"If wrong, a real caption mentioning an abbreviated organism could be demoted; require the continuation evidence in 5D-3."
doc_0387,p3_b0032,table_caption,Table 1. E.,broken_organism_or_abbreviation_prefix,high,safe_to_demote,"Nearby preview shows a split organism or abbreviation prefix, e.g. E. + coli / S. + cerevisiae, rather than a standalone caption.",demote_fragment_caption_preserve_text_with_cleanup_metadata,"If wrong, a real caption mentioning an abbreviated organism could be demoted; require the continuation evidence in 5D-3."
doc_0388,p3_b0024,table_caption,Table 1. E.,broken_organism_or_abbreviation_prefix,high,safe_to_demote,"Nearby preview shows a split organism or abbreviation prefix, e.g. E. + coli / S. + cerevisiae, rather than a standalone caption.",demote_fragment_caption_preserve_text_with_cleanup_metadata,"If wrong, a real caption mentioning an abbreviated organism could be demoted; require the continuation evidence in 5D-3."
doc_0436,p10_b0075,table_caption,Table S1. P.,broken_organism_or_abbreviation_prefix,high,safe_to_demote,"Nearby preview shows a split organism or abbreviation prefix, e.g. E. + coli / S. + cerevisiae, rather than a standalone caption.",demote_fragment_caption_preserve_text_with_cleanup_metadata,"If wrong, a real caption mentioning an abbreviated organism could be demoted; require the continuation evidence in 5D-3."
doc_0436,p14_b0121,table_caption,Table S1. P.,broken_organism_or_abbreviation_prefix,high,safe_to_demote,"Nearby preview shows a split organism or abbreviation prefix, e.g. E. + coli / S. + cerevisiae, rather than a standalone caption.",demote_fragment_caption_preserve_text_with_cleanup_metadata,"If wrong, a real caption mentioning an abbreviated organism could be demoted; require the continuation evidence in 5D-3."
doc_0437,p1_b0014,table_caption,Table 1. E.,broken_organism_or_abbreviation_prefix,high,safe_to_demote,"Nearby preview shows a split organism or abbreviation prefix, e.g. E. + coli / S. + cerevisiae, rather than a standalone caption.",demote_fragment_caption_preserve_text_with_cleanup_metadata,"If wrong, a real caption mentioning an abbreviated organism could be demoted; require the continuation evidence in 5D-3."
doc_0490,p2_b0023,table_caption,Table 1.,number_only_caption,high,keep_as_caption,The number-only block appears to be the table marker for a real caption whose title/body is in the next block.,protect_from_length_or_number_only_cleanup,Demoting this could lose table-caption evidence unless a future merger preserves the adjacent title.
doc_0510,p3_b0032,table_caption,Table 1. E.,broken_organism_or_abbreviation_prefix,high,safe_to_demote,"Nearby preview shows a split organism or abbreviation prefix, e.g. E. + coli / S. + cerevisiae, rather than a standalone caption.",demote_fragment_caption_preserve_text_with_cleanup_metadata,"If wrong, a real caption mentioning an abbreviated organism could be demoted; require the continuation evidence in 5D-3."
doc_0512,p2_b0021,table_caption,Table S1. The E.,broken_organism_or_abbreviation_prefix,high,safe_to_demote,"Nearby preview shows a split organism or abbreviation prefix, e.g. E. + coli / S. + cerevisiae, rather than a standalone caption.",demote_fragment_caption_preserve_text_with_cleanup_metadata,"If wrong, a real caption mentioning an abbreviated organism could be demoted; require the continuation evidence in 5D-3."
doc_0518,p3_b0029,table_caption,Table 1. E.,broken_organism_or_abbreviation_prefix,high,safe_to_demote,"Nearby preview shows a split organism or abbreviation prefix, e.g. E. + coli / S. + cerevisiae, rather than a standalone caption.",demote_fragment_caption_preserve_text_with_cleanup_metadata,"If wrong, a real caption mentioning an abbreviated organism could be demoted; require the continuation evidence in 5D-3."
doc_0533,p2_b0016,table_caption,Table S1. E.,broken_organism_or_abbreviation_prefix,high,safe_to_demote,"Nearby preview shows a split organism or abbreviation prefix, e.g. E. + coli / S. + cerevisiae, rather than a standalone caption.",demote_fragment_caption_preserve_text_with_cleanup_metadata,"If wrong, a real caption mentioning an abbreviated organism could be demoted; require the continuation evidence in 5D-3."
doc_0661,p2_b0017,table_caption,Table S1. E.,broken_organism_or_abbreviation_prefix,high,safe_to_demote,"Nearby preview shows a split organism or abbreviation prefix, e.g. E. + coli / S. + cerevisiae, rather than a standalone caption.",demote_fragment_caption_preserve_text_with_cleanup_metadata,"If wrong, a real caption mentioning an abbreviated organism could be demoted; require the continuation evidence in 5D-3."
doc_0671,p3_b0027,table_caption,Table 1. E.,broken_organism_or_abbreviation_prefix,high,safe_to_demote,"Nearby preview shows a split organism or abbreviation prefix, e.g. E. + coli / S. + cerevisiae, rather than a standalone caption.",demote_fragment_caption_preserve_text_with_cleanup_metadata,"If wrong, a real caption mentioning an abbreviated organism could be demoted; require the continuation evidence in 5D-3."
doc_0679,p3_b0027,table_caption,Table 1. E.,broken_organism_or_abbreviation_prefix,high,safe_to_demote,"Nearby preview shows a split organism or abbreviation prefix, e.g. E. + coli / S. + cerevisiae, rather than a standalone caption.",demote_fragment_caption_preserve_text_with_cleanup_metadata,"If wrong, a real caption mentioning an abbreviated organism could be demoted; require the continuation evidence in 5D-3."
doc_0683,p3_b0022,table_caption,Table 1. S.,broken_organism_or_abbreviation_prefix,high,safe_to_demote,"Nearby preview shows a split organism or abbreviation prefix, e.g. E. + coli / S. + cerevisiae, rather than a standalone caption.",demote_fragment_caption_preserve_text_with_cleanup_metadata,"If wrong, a real caption mentioning an abbreviated organism could be demoted; require the continuation evidence in 5D-3."
doc_0009,p4_b0038,figure_caption,Fig. 2. 2.,very_short_no_semantic_anchor,medium,eval_only_noise,The block is a table/figure marker plus a section/list number; useful to filter from probes but not enough for automatic parsed cleanup.,exclude_from_eval_targets; no parsed cleanup by default,Could be a real caption continuation marker or layout artifact.
doc_0028,p7_b0075,figure_caption,Supplementary Figure 1. Data are in given Supplementary Table 3.,supplementary_reference_fragment,medium,eval_only_noise,Text reads like an in-text reference to supplementary material rather than a standalone parsed caption.,exclude_from_eval_targets; consider cleanup only with explicit in_text_reference rule,Cleaning too broadly could demote real supplementary table/figure captions.
doc_0046,p5_b0044,figure_caption,Fig. 4. Confirmation of the GSO6.,very_short_no_semantic_anchor,low,keep_as_caption,Short text still has enough descriptive content to plausibly be a real caption.,protect_short_descriptive_caption,Demotion could remove concise but real caption evidence.
doc_0094,p3_b0033,figure_caption,Supplementary Figure 1. The plasmid map is provided in Supplementary Files.,supplementary_reference_fragment,medium,eval_only_noise,Text reads like an in-text reference to supplementary material rather than a standalone parsed caption.,exclude_from_eval_targets; consider cleanup only with explicit in_text_reference rule,Cleaning too broadly could demote real supplementary table/figure captions.
doc_0109,p3_b0039,figure_caption,Fig. 3. 3.,very_short_no_semantic_anchor,medium,eval_only_noise,The block is a table/figure marker plus a section/list number; useful to filter from probes but not enough for automatic parsed cleanup.,exclude_from_eval_targets; no parsed cleanup by default,Could be a real caption continuation marker or layout artifact.
doc_0123,p2_b0020,figure_caption,Fig. 1. (A).,very_short_no_semantic_anchor,medium,uncertain,"Short caption lacks anchors, but nearby parsed text is insufficient for safe cleanup.",do_not_clean_without_more_review,"Could preserve noise, or could demote a valid compact caption."
doc_0150,p8_b0063,figure_caption,Fig. 6. Fig.,very_short_no_semantic_anchor,medium,eval_only_noise,Continuation/in-text-reference marker is too weak to use as a caption-level eval target.,exclude_from_eval_targets; no parsed cleanup by default,Some continued captions are valid and should not be demoted automatically.
doc_0166,p7_b0069,figure_caption,Fig. 4).,very_short_no_semantic_anchor,medium,uncertain,"Short caption lacks anchors, but nearby parsed text is insufficient for safe cleanup.",do_not_clean_without_more_review,"Could preserve noise, or could demote a valid compact caption."
doc_0183,p3_b0030,figure_caption,FIGURE 1 3 of 12,very_short_no_semantic_anchor,medium,safe_to_demote,Caption text matches a page header/footer pattern rather than a content caption.,demote_page_header_like_caption_preserve_text_with_cleanup_metadata,"If wrong, a continuation caption could be demoted; require exact page-count pattern."
doc_0183,p5_b0047,figure_caption,FIGURE 3 5 of 12,very_short_no_semantic_anchor,medium,safe_to_demote,Caption text matches a page header/footer pattern rather than a content caption.,demote_page_header_like_caption_preserve_text_with_cleanup_metadata,"If wrong, a continuation caption could be demoted; require exact page-count pattern."
doc_0183,p7_b0062,figure_caption,FIGURE 4 7 of 12,very_short_no_semantic_anchor,medium,safe_to_demote,Caption text matches a page header/footer pattern rather than a content caption.,demote_page_header_like_caption_preserve_text_with_cleanup_metadata,"If wrong, a continuation caption could be demoted; require exact page-count pattern."
doc_0198,p4_b0038,figure_caption,Fig. 2. 2.,very_short_no_semantic_anchor,medium,eval_only_noise,The block is a table/figure marker plus a section/list number; useful to filter from probes but not enough for automatic parsed cleanup.,exclude_from_eval_targets; no parsed cleanup by default,Could be a real caption continuation marker or layout artifact.
doc_0219,p12_b0225,figure_caption,"Figure 1. Genome research, 14, 1188–1190.",very_short_no_semantic_anchor,medium,uncertain,"Short caption lacks anchors, but nearby parsed text is insufficient for safe cleanup.",do_not_clean_without_more_review,"Could preserve noise, or could demote a valid compact caption."
doc_0257,p11_b0120,figure_caption,SUPPLEMENTARY FIGURE S2 Effect of 2′-FL on neuritogenesis.,supplementary_reference_fragment,medium,keep_as_caption,"Despite being supplementary, the block has enough descriptive title content to be a real caption.",protect_supplementary_caption_with_descriptive_title,Demotion would lose real supplementary figure/table caption evidence.
doc_0301,p6_b0042,figure_caption,Figure 3. Cont.,very_short_no_semantic_anchor,medium,eval_only_noise,Continuation/in-text-reference marker is too weak to use as a caption-level eval target.,exclude_from_eval_targets; no parsed cleanup by default,Some continued captions are valid and should not be demoted automatically.
doc_0301,p7_b0050,figure_caption,Figure 4. Cont.,very_short_no_semantic_anchor,medium,eval_only_noise,Continuation/in-text-reference marker is too weak to use as a caption-level eval target.,exclude_from_eval_targets; no parsed cleanup by default,Some continued captions are valid and should not be demoted automatically.
doc_0302,p5_b0066,figure_caption,Figure 2. Cont.,very_short_no_semantic_anchor,medium,eval_only_noise,Continuation/in-text-reference marker is too weak to use as a caption-level eval target.,exclude_from_eval_targets; no parsed cleanup by default,Some continued captions are valid and should not be demoted automatically.
doc_0302,p6_b0075,figure_caption,Figure 3. Cont.,very_short_no_semantic_anchor,medium,eval_only_noise,Continuation/in-text-reference marker is too weak to use as a caption-level eval target.,exclude_from_eval_targets; no parsed cleanup by default,Some continued captions are valid and should not be demoted automatically.
doc_0380,p7_b0101,figure_caption,Figure 2. Cont.,very_short_no_semantic_anchor,medium,eval_only_noise,Continuation/in-text-reference marker is too weak to use as a caption-level eval target.,exclude_from_eval_targets; no parsed cleanup by default,Some continued captions are valid and should not be demoted automatically.
doc_0390,p6_b0079,figure_caption,Fig. 2. Monthly Weights.,very_short_no_semantic_anchor,medium,uncertain,"Short caption lacks anchors, but nearby parsed text is insufficient for safe cleanup.",do_not_clean_without_more_review,"Could preserve noise, or could demote a valid compact caption."
doc_0402,p13_b0108,figure_caption,Figure 7 | Continued,very_short_no_semantic_anchor,medium,eval_only_noise,Continuation/in-text-reference marker is too weak to use as a caption-level eval target.,exclude_from_eval_targets; no parsed cleanup by default,Some continued captions are valid and should not be demoted automatically.
doc_0402,p8_b0084,figure_caption,Figure 3 | Continued,very_short_no_semantic_anchor,medium,eval_only_noise,Continuation/in-text-reference marker is too weak to use as a caption-level eval target.,exclude_from_eval_targets; no parsed cleanup by default,Some continued captions are valid and should not be demoted automatically.
doc_0444,p4_b0051,figure_caption,Fig. 2. NOR.,very_short_no_semantic_anchor,medium,uncertain,"Short caption lacks anchors, but nearby parsed text is insufficient for safe cleanup.",do_not_clean_without_more_review,"Could preserve noise, or could demote a valid compact caption."
doc_0448,p9_b0050,figure_caption,Fig. S3. 3.,very_short_no_semantic_anchor,medium,eval_only_noise,The block is a table/figure marker plus a section/list number; useful to filter from probes but not enough for automatic parsed cleanup.,exclude_from_eval_targets; no parsed cleanup by default,Could be a real caption continuation marker or layout artifact.
doc_0468,p4_b0046,figure_caption,Figure 1. Examples of bacterial growth curves are presented in Supplementary Figure S1.,supplementary_reference_fragment,medium,eval_only_noise,Text reads like an in-text reference to supplementary material rather than a standalone parsed caption.,exclude_from_eval_targets; consider cleanup only with explicit in_text_reference rule,Cleaning too broadly could demote real supplementary table/figure captions.
doc_0473,p9_b0047,figure_caption,Figure 5 Continued,very_short_no_semantic_anchor,medium,eval_only_noise,Continuation/in-text-reference marker is too weak to use as a caption-level eval target.,exclude_from_eval_targets; no parsed cleanup by default,Some continued captions are valid and should not be demoted automatically.
doc_0484,p6_b0064,figure_caption,Figure 2. Cont.,very_short_no_semantic_anchor,medium,eval_only_noise,Continuation/in-text-reference marker is too weak to use as a caption-level eval target.,exclude_from_eval_targets; no parsed cleanup by default,Some continued captions are valid and should not be demoted automatically.
doc_0484,p9_b0085,figure_caption,Figure 4. Cont.,very_short_no_semantic_anchor,medium,eval_only_noise,Continuation/in-text-reference marker is too weak to use as a caption-level eval target.,exclude_from_eval_targets; no parsed cleanup by default,Some continued captions are valid and should not be demoted automatically.
doc_0494,p5_b0043,figure_caption,Fig. 3. (continued).,very_short_no_semantic_anchor,medium,eval_only_noise,Continuation/in-text-reference marker is too weak to use as a caption-level eval target.,exclude_from_eval_targets; no parsed cleanup by default,Some continued captions are valid and should not be demoted automatically.
doc_0494,p6_b0045,figure_caption,Fig. 3. (continued).,very_short_no_semantic_anchor,medium,eval_only_noise,Continuation/in-text-reference marker is too weak to use as a caption-level eval target.,exclude_from_eval_targets; no parsed cleanup by default,Some continued captions are valid and should not be demoted automatically.
doc_0496,p6_b0073,figure_caption,Figure 4. continued,very_short_no_semantic_anchor,medium,eval_only_noise,Continuation/in-text-reference marker is too weak to use as a caption-level eval target.,exclude_from_eval_targets; no parsed cleanup by default,Some continued captions are valid and should not be demoted automatically.
doc_0600,p3_b0034,figure_caption,Figure 2. Isolation of the E.,very_short_no_semantic_anchor,low,keep_as_caption,Short text still has enough descriptive content to plausibly be a real caption.,protect_short_descriptive_caption,Demotion could remove concise but real caption evidence.
doc_0617,p8_b0096,figure_caption,Figure 5. Cont.,very_short_no_semantic_anchor,medium,eval_only_noise,Continuation/in-text-reference marker is too weak to use as a caption-level eval target.,exclude_from_eval_targets; no parsed cleanup by default,Some continued captions are valid and should not be demoted automatically.
doc_0672,p5_b0049,figure_caption,Figure 4. Opto-S.,very_short_no_semantic_anchor,medium,uncertain,"Short caption lacks anchors, but nearby parsed text is insufficient for safe cleanup.",do_not_clean_without_more_review,"Could preserve noise, or could demote a valid compact caption."
doc_0008,p2_b0022,table_caption,Supplementary Table S1. 2.,supplementary_reference_fragment,medium,uncertain,Supplementary reference/caption boundary is ambiguous from parsed text alone.,do_not_clean_without_manual_review,Could either preserve noise or demote real supplemental caption evidence.
doc_0010,p3_b0033,table_caption,Table 1. Peptides from osteopontin,very_short_no_semantic_anchor,low,uncertain,"Short caption lacks anchors, but nearby parsed text is insufficient for safe cleanup.",do_not_clean_without_more_review,"Could preserve noise, or could demote a valid compact caption."
doc_0028,p5_b0052,table_caption,Supplementary Table 2. bORFs not targeted are given in the text.,supplementary_reference_fragment,medium,eval_only_noise,Text reads like an in-text reference to supplementary material rather than a standalone parsed caption.,exclude_from_eval_targets; consider cleanup only with explicit in_text_reference rule,Cleaning too broadly could demote real supplementary table/figure captions.
doc_0056,p7_b0064,table_caption,Table 1 (continued),very_short_no_semantic_anchor,medium,eval_only_noise,Continuation/in-text-reference marker is too weak to use as a caption-level eval target.,exclude_from_eval_targets; no parsed cleanup by default,Some continued captions are valid and should not be demoted automatically.
doc_0082,p8_b0082,table_caption,"Supplementary Table 6. All calculations were done with MATLAB (R2013a, The MathWorks, Inc.",supplementary_reference_fragment,medium,uncertain,Supplementary reference/caption boundary is ambiguous from parsed text alone.,do_not_clean_without_manual_review,Could either preserve noise or demote real supplemental caption evidence.
doc_0090,p10_b0097,table_caption,Table 1. Calcium GEFIs.,very_short_no_semantic_anchor,medium,uncertain,"Short caption lacks anchors, but nearby parsed text is insufficient for safe cleanup.",do_not_clean_without_more_review,"Could preserve noise, or could demote a valid compact caption."
doc_0090,p14_b0155,table_caption,Table 3. Voltage GEFIs,very_short_no_semantic_anchor,medium,uncertain,"Short caption lacks anchors, but nearby parsed text is insufficient for safe cleanup.",do_not_clean_without_more_review,"Could preserve noise, or could demote a valid compact caption."
doc_0090,p17_b0202,table_caption,Table 4. Redox GEFIs.,very_short_no_semantic_anchor,medium,uncertain,"Short caption lacks anchors, but nearby parsed text is insufficient for safe cleanup.",do_not_clean_without_more_review,"Could preserve noise, or could demote a valid compact caption."
doc_0094,p3_b0037,table_caption,Supplementary Table 1. The plasmid maps are provided in Supplementary Files.,supplementary_reference_fragment,medium,eval_only_noise,Text reads like an in-text reference to supplementary material rather than a standalone parsed caption.,exclude_from_eval_targets; consider cleanup only with explicit in_text_reference rule,Cleaning too broadly could demote real supplementary table/figure captions.
doc_0101,p18_b0330,table_caption,Table 9. 3.,very_short_no_semantic_anchor,medium,eval_only_noise,The block is a table/figure marker plus a section/list number; useful to filter from probes but not enough for automatic parsed cleanup.,exclude_from_eval_targets; no parsed cleanup by default,Could be a real caption continuation marker or layout artifact.
doc_0101,p24_b0481,table_caption,Table 11. 3.,very_short_no_semantic_anchor,medium,eval_only_noise,The block is a table/figure marker plus a section/list number; useful to filter from probes but not enough for automatic parsed cleanup.,exclude_from_eval_targets; no parsed cleanup by default,Could be a real caption continuation marker or layout artifact.
doc_0101,p25_b0504,table_caption,Table 12. 3.,very_short_no_semantic_anchor,medium,eval_only_noise,The block is a table/figure marker plus a section/list number; useful to filter from probes but not enough for automatic parsed cleanup.,exclude_from_eval_targets; no parsed cleanup by default,Could be a real caption continuation marker or layout artifact.
doc_0118,p15_b0225,table_caption,Table 6. The SiaC from E.,very_short_no_semantic_anchor,low,keep_as_caption,Short text still has enough descriptive content to plausibly be a real caption.,protect_short_descriptive_caption,Demotion could remove concise but real caption evidence.
doc_0118,p5_b0053,table_caption,Table 1 (continued),very_short_no_semantic_anchor,medium,eval_only_noise,Continuation/in-text-reference marker is too weak to use as a caption-level eval target.,exclude_from_eval_targets; no parsed cleanup by default,Some continued captions are valid and should not be demoted automatically.
doc_0123,p5_b0043,table_caption,Table 2. 2.,very_short_no_semantic_anchor,medium,eval_only_noise,The block is a table/figure marker plus a section/list number; useful to filter from probes but not enough for automatic parsed cleanup.,exclude_from_eval_targets; no parsed cleanup by default,Could be a real caption continuation marker or layout artifact.
doc_0137,p6_b0078,table_caption,Table 1(continued),very_short_no_semantic_anchor,medium,eval_only_noise,Continuation/in-text-reference marker is too weak to use as a caption-level eval target.,exclude_from_eval_targets; no parsed cleanup by default,Some continued captions are valid and should not be demoted automatically.
doc_0137,p9_b0128,table_caption,Table 2(continued),very_short_no_semantic_anchor,medium,eval_only_noise,Continuation/in-text-reference marker is too weak to use as a caption-level eval target.,exclude_from_eval_targets; no parsed cleanup by default,Some continued captions are valid and should not be demoted automatically.
doc_0140,p6_b0068,table_caption,Table 1. 3.,very_short_no_semantic_anchor,medium,eval_only_noise,The block is a table/figure marker plus a section/list number; useful to filter from probes but not enough for automatic parsed cleanup.,exclude_from_eval_targets; no parsed cleanup by default,Could be a real caption continuation marker or layout artifact.
doc_0145,p6_b0068,table_caption,Table 1. 3.,very_short_no_semantic_anchor,medium,eval_only_noise,The block is a table/figure marker plus a section/list number; useful to filter from probes but not enough for automatic parsed cleanup.,exclude_from_eval_targets; no parsed cleanup by default,Could be a real caption continuation marker or layout artifact.
doc_0190,p10_b0121,table_caption,Table 2. Cont.,very_short_no_semantic_anchor,medium,eval_only_noise,Continuation/in-text-reference marker is too weak to use as a caption-level eval target.,exclude_from_eval_targets; no parsed cleanup by default,Some continued captions are valid and should not be demoted automatically.
doc_0190,p6_b0069,table_caption,Table 1. Cont.,very_short_no_semantic_anchor,medium,eval_only_noise,Continuation/in-text-reference marker is too weak to use as a caption-level eval target.,exclude_from_eval_targets; no parsed cleanup by default,Some continued captions are valid and should not be demoted automatically.
doc_0196,p5_b0098,table_caption,Table 1 (continued),very_short_no_semantic_anchor,medium,eval_only_noise,Continuation/in-text-reference marker is too weak to use as a caption-level eval target.,exclude_from_eval_targets; no parsed cleanup by default,Some continued captions are valid and should not be demoted automatically.
doc_0222,p2_b0021,table_caption,Table S4. 2.,very_short_no_semantic_anchor,medium,eval_only_noise,The block is a table/figure marker plus a section/list number; useful to filter from probes but not enough for automatic parsed cleanup.,exclude_from_eval_targets; no parsed cleanup by default,Could be a real caption continuation marker or layout artifact.
doc_0222,p2_b0025,table_caption,Table S4. 2.,very_short_no_semantic_anchor,medium,eval_only_noise,The block is a table/figure marker plus a section/list number; useful to filter from probes but not enough for automatic parsed cleanup.,exclude_from_eval_targets; no parsed cleanup by default,Could be a real caption continuation marker or layout artifact.
doc_0240,p9_b0058,table_caption,Table 1. Cont.,very_short_no_semantic_anchor,medium,eval_only_noise,Continuation/in-text-reference marker is too weak to use as a caption-level eval target.,exclude_from_eval_targets; no parsed cleanup by default,Some continued captions are valid and should not be demoted automatically.
doc_0254,p3_b0034,table_caption,Table 1. 2.,very_short_no_semantic_anchor,medium,eval_only_noise,The block is a table/figure marker plus a section/list number; useful to filter from probes but not enough for automatic parsed cleanup.,exclude_from_eval_targets; no parsed cleanup by default,Could be a real caption continuation marker or layout artifact.
doc_0254,p3_b0040,table_caption,Table S1.† 2.,very_short_no_semantic_anchor,medium,uncertain,"Short caption lacks anchors, but nearby parsed text is insufficient for safe cleanup.",do_not_clean_without_more_review,"Could preserve noise, or could demote a valid compact caption."
doc_0270,p11_b0076,table_caption,"Supplementary Table 1. Subsequently, TruSeqTM RNA Sample Fig.",supplementary_reference_fragment,medium,eval_only_noise,Text reads like an in-text reference to supplementary material rather than a standalone parsed caption.,exclude_from_eval_targets; consider cleanup only with explicit in_text_reference rule,Cleaning too broadly could demote real supplementary table/figure captions.
doc_0277,p11_b0477,table_caption,Supplementary Table 6. E.,supplementary_reference_fragment,medium,safe_to_demote,Supplementary caption candidate also shows a split organism/abbreviation continuation in nearby text.,demote_fragment_caption_preserve_text_with_cleanup_metadata,"If wrong, supplemental table evidence could be demoted; require nearby continuation evidence."
doc_0304,p23_b0194,table_caption,Table 2 (continued),very_short_no_semantic_anchor,medium,eval_only_noise,Continuation/in-text-reference marker is too weak to use as a caption-level eval target.,exclude_from_eval_targets; no parsed cleanup by default,Some continued captions are valid and should not be demoted automatically.
doc_0318,p3_b0031,table_caption,Table S3. 2.,very_short_no_semantic_anchor,medium,eval_only_noise,The block is a table/figure marker plus a section/list number; useful to filter from probes but not enough for automatic parsed cleanup.,exclude_from_eval_targets; no parsed cleanup by default,Could be a real caption continuation marker or layout artifact.
doc_0326,p8_b0077,table_caption,Table 1. (Continued),very_short_no_semantic_anchor,medium,eval_only_noise,Continuation/in-text-reference marker is too weak to use as a caption-level eval target.,exclude_from_eval_targets; no parsed cleanup by default,Some continued captions are valid and should not be demoted automatically.
doc_0338,p10_b0106,table_caption,Table 1. Cont.,very_short_no_semantic_anchor,medium,eval_only_noise,Continuation/in-text-reference marker is too weak to use as a caption-level eval target.,exclude_from_eval_targets; no parsed cleanup by default,Some continued captions are valid and should not be demoted automatically.
doc_0339,p10_b0106,table_caption,Table 1. Cont.,very_short_no_semantic_anchor,medium,eval_only_noise,Continuation/in-text-reference marker is too weak to use as a caption-level eval target.,exclude_from_eval_targets; no parsed cleanup by default,Some continued captions are valid and should not be demoted automatically.
doc_0354,p2_b0020,table_caption,Table S1. 2.,very_short_no_semantic_anchor,medium,eval_only_noise,The block is a table/figure marker plus a section/list number; useful to filter from probes but not enough for automatic parsed cleanup.,exclude_from_eval_targets; no parsed cleanup by default,Could be a real caption continuation marker or layout artifact.
doc_0356,p10_b0082,table_caption,"Supplementary Table S4. For cell culture, Luria–Bertani (LB) medium (per liter: 10.",supplementary_reference_fragment,medium,keep_as_caption,"Despite being supplementary, the block has enough descriptive title content to be a real caption.",protect_supplementary_caption_with_descriptive_title,Demotion would lose real supplementary figure/table caption evidence.
doc_0372,p11_b0076,table_caption,Table 1 (continued),very_short_no_semantic_anchor,medium,eval_only_noise,Continuation/in-text-reference marker is too weak to use as a caption-level eval target.,exclude_from_eval_targets; no parsed cleanup by default,Some continued captions are valid and should not be demoted automatically.
doc_0377,p5_b0065,table_caption,TABLE 2 Subject disposition.,very_short_no_semantic_anchor,medium,uncertain,"Short caption lacks anchors, but nearby parsed text is insufficient for safe cleanup.",do_not_clean_without_more_review,"Could preserve noise, or could demote a valid compact caption."
doc_0380,p5_b0064,table_caption,Table 3. VAS scores.,very_short_no_semantic_anchor,medium,keep_as_caption,Short text still has enough descriptive content to plausibly be a real caption.,protect_short_descriptive_caption,Demotion could remove concise but real caption evidence.
doc_0380,p7_b0083,table_caption,Table 4. KWOMAC scores.,very_short_no_semantic_anchor,medium,keep_as_caption,Short text still has enough descriptive content to plausibly be a real caption.,protect_short_descriptive_caption,Demotion could remove concise but real caption evidence.
doc_0397,p35_b0586,table_caption,Table 6. Plating Guidelines.,very_short_no_semantic_anchor,medium,keep_as_caption,Short text still has enough descriptive content to plausibly be a real caption.,protect_short_descriptive_caption,Demotion could remove concise but real caption evidence.
doc_0400,p2_b0027,table_caption,Table S2. 2.,very_short_no_semantic_anchor,medium,eval_only_noise,The block is a table/figure marker plus a section/list number; useful to filter from probes but not enough for automatic parsed cleanup.,exclude_from_eval_targets; no parsed cleanup by default,Could be a real caption continuation marker or layout artifact.
doc_0401,p2_b0028,table_caption,Table S2. 2.,very_short_no_semantic_anchor,medium,eval_only_noise,The block is a table/figure marker plus a section/list number; useful to filter from probes but not enough for automatic parsed cleanup.,exclude_from_eval_targets; no parsed cleanup by default,Could be a real caption continuation marker or layout artifact.
doc_0410,p4_b0066,table_caption,table S2).,very_short_no_semantic_anchor,medium,uncertain,"Short caption lacks anchors, but nearby parsed text is insufficient for safe cleanup.",do_not_clean_without_more_review,"Could preserve noise, or could demote a valid compact caption."
doc_0410,p6_b0083,table_caption,table S1).,very_short_no_semantic_anchor,medium,uncertain,"Short caption lacks anchors, but nearby parsed text is insufficient for safe cleanup.",do_not_clean_without_more_review,"Could preserve noise, or could demote a valid compact caption."
doc_0412,p13_b0137,table_caption,Table 3. (Continued).,very_short_no_semantic_anchor,medium,eval_only_noise,Continuation/in-text-reference marker is too weak to use as a caption-level eval target.,exclude_from_eval_targets; no parsed cleanup by default,Some continued captions are valid and should not be demoted automatically.
doc_0425,p4_b0030,table_caption,Table 1. 2.,very_short_no_semantic_anchor,medium,eval_only_noise,The block is a table/figure marker plus a section/list number; useful to filter from probes but not enough for automatic parsed cleanup.,exclude_from_eval_targets; no parsed cleanup by default,Could be a real caption continuation marker or layout artifact.
doc_0436,p11_b0084,table_caption,Table S2).,very_short_no_semantic_anchor,medium,uncertain,"Short caption lacks anchors, but nearby parsed text is insufficient for safe cleanup.",do_not_clean_without_more_review,"Could preserve noise, or could demote a valid compact caption."
doc_0443,p2_b0026,table_caption,Supplementary Table 1. All the sequences except those from E.,supplementary_reference_fragment,medium,safe_to_demote,Supplementary caption candidate also shows a split organism/abbreviation continuation in nearby text.,demote_fragment_caption_preserve_text_with_cleanup_metadata,"If wrong, supplemental table evidence could be demoted; require nearby continuation evidence."
doc_0462,p15_b0225,table_caption,Table 6. The SiaC from E.,very_short_no_semantic_anchor,low,keep_as_caption,Short text still has enough descriptive content to plausibly be a real caption.,protect_short_descriptive_caption,Demotion could remove concise but real caption evidence.
doc_0462,p5_b0053,table_caption,Table 1 (continued),very_short_no_semantic_anchor,medium,eval_only_noise,Continuation/in-text-reference marker is too weak to use as a caption-level eval target.,exclude_from_eval_targets; no parsed cleanup by default,Some continued captions are valid and should not be demoted automatically.
doc_0463,p6_b0068,table_caption,Table 1. 3.,very_short_no_semantic_anchor,medium,eval_only_noise,The block is a table/figure marker plus a section/list number; useful to filter from probes but not enough for automatic parsed cleanup.,exclude_from_eval_targets; no parsed cleanup by default,Could be a real caption continuation marker or layout artifact.
doc_0481,p9_b0091,table_caption,Table 1. Secondary endpoints.,very_short_no_semantic_anchor,medium,keep_as_caption,Short text still has enough descriptive content to plausibly be a real caption.,protect_short_descriptive_caption,Demotion could remove concise but real caption evidence.
doc_0484,p9_b0082,table_caption,Supplementary Table S2: 16S rRNA amplicon sequencing.,supplementary_reference_fragment,medium,uncertain,Supplementary reference/caption boundary is ambiguous from parsed text alone.,do_not_clean_without_manual_review,Could either preserve noise or demote real supplemental caption evidence.
doc_0509,p10_b0101,table_caption,Table S1. Engineered E.,very_short_no_semantic_anchor,medium,uncertain,"Short caption lacks anchors, but nearby parsed text is insufficient for safe cleanup.",do_not_clean_without_more_review,"Could preserve noise, or could demote a valid compact caption."
doc_0509,p6_b0061,table_caption,Table S1).,very_short_no_semantic_anchor,medium,uncertain,"Short caption lacks anchors, but nearby parsed text is insufficient for safe cleanup.",do_not_clean_without_more_review,"Could preserve noise, or could demote a valid compact caption."
doc_0515,p2_b0028,table_caption,Table S2. 2.,very_short_no_semantic_anchor,medium,eval_only_noise,The block is a table/figure marker plus a section/list number; useful to filter from probes but not enough for automatic parsed cleanup.,exclude_from_eval_targets; no parsed cleanup by default,Could be a real caption continuation marker or layout artifact.
doc_0516,p6_b0066,table_caption,Table 1. 3.,very_short_no_semantic_anchor,medium,eval_only_noise,The block is a table/figure marker plus a section/list number; useful to filter from probes but not enough for automatic parsed cleanup.,exclude_from_eval_targets; no parsed cleanup by default,Could be a real caption continuation marker or layout artifact.
doc_0613,p10_b0114,table_caption,Table 2. cont.,very_short_no_semantic_anchor,medium,eval_only_noise,Continuation/in-text-reference marker is too weak to use as a caption-level eval target.,exclude_from_eval_targets; no parsed cleanup by default,Some continued captions are valid and should not be demoted automatically.
doc_0613,p8_b0091,table_caption,Table 1. cont.,very_short_no_semantic_anchor,medium,eval_only_noise,Continuation/in-text-reference marker is too weak to use as a caption-level eval target.,exclude_from_eval_targets; no parsed cleanup by default,Some continued captions are valid and should not be demoted automatically.
doc_0617,p12_b0127,table_caption,Table 2. Cont.,very_short_no_semantic_anchor,medium,eval_only_noise,Continuation/in-text-reference marker is too weak to use as a caption-level eval target.,exclude_from_eval_targets; no parsed cleanup by default,Some continued captions are valid and should not be demoted automatically.
doc_0631,p3_b0021,table_caption,Table S2. 2.,very_short_no_semantic_anchor,medium,eval_only_noise,The block is a table/figure marker plus a section/list number; useful to filter from probes but not enough for automatic parsed cleanup.,exclude_from_eval_targets; no parsed cleanup by default,Could be a real caption continuation marker or layout artifact.
doc_0641,p12_b0121,table_caption,Table 3 (continued),very_short_no_semantic_anchor,medium,eval_only_noise,Continuation/in-text-reference marker is too weak to use as a caption-level eval target.,exclude_from_eval_targets; no parsed cleanup by default,Some continued captions are valid and should not be demoted automatically.
doc_0641,p22_b0197,table_caption,Table 8 (continued),very_short_no_semantic_anchor,medium,eval_only_noise,Continuation/in-text-reference marker is too weak to use as a caption-level eval target.,exclude_from_eval_targets; no parsed cleanup by default,Some continued captions are valid and should not be demoted automatically.
doc_0684,p3_b0020,table_caption,Table 1. 2.,very_short_no_semantic_anchor,medium,eval_only_noise,The block is a table/figure marker plus a section/list number; useful to filter from probes but not enough for automatic parsed cleanup.,exclude_from_eval_targets; no parsed cleanup by default,Could be a real caption continuation marker or layout artifact.
doc_0688,p11_b0073,table_caption,Table 1. Cont.,very_short_no_semantic_anchor,medium,eval_only_noise,Continuation/in-text-reference marker is too weak to use as a caption-level eval target.,exclude_from_eval_targets; no parsed cleanup by default,Some continued captions are valid and should not be demoted automatically.
doc_0688,p12_b0093,table_caption,Table 1. Cont.,very_short_no_semantic_anchor,medium,eval_only_noise,Continuation/in-text-reference marker is too weak to use as a caption-level eval target.,exclude_from_eval_targets; no parsed cleanup by default,Some continued captions are valid and should not be demoted automatically.
doc_0688,p13_b0108,table_caption,Table 2. Cont.,very_short_no_semantic_anchor,medium,eval_only_noise,Continuation/in-text-reference marker is too weak to use as a caption-level eval target.,exclude_from_eval_targets; no parsed cleanup by default,Some continued captions are valid and should not be demoted automatically.
doc_0688,p13_b0120,table_caption,Table 2. 4.,very_short_no_semantic_anchor,medium,eval_only_noise,The block is a table/figure marker plus a section/list number; useful to filter from probes but not enough for automatic parsed cleanup.,exclude_from_eval_targets; no parsed cleanup by default,Could be a real caption continuation marker or layout artifact.
