doc_id,source_file,block_id,original_block_type,new_block_type,caption_text,cleanup_action,caption_cleanup_rule_id,caption_cleanup_reason,confidence,protected_hit,signoff_label,nearby_preview,safe_to_demote
doc_0008,doc_0008.pdf,p2_b0022,table_caption,table_caption,Supplementary Table S1. 2.,skip_uncertain,,Sign-off label is uncertain.,medium,false,uncertain,"paragraph: Here, various design approaches create transcriptional biosensors responsive to Neu5Ac were explored based on the natural TF NanR, whereby the native regulatory circuits were deco... | paragraph: 2 | Growth conditions Unless otherwise stated, all products were purchased from Sigma– Aldrich (Diegem, Belgium). For strain engineering and plasmid construction strains grown in ...",false
doc_0009,doc_0009.pdf,p4_b0038,figure_caption,figure_caption,Fig. 2. 2.,skip_eval_only_noise,,Sign-off label is eval_only_noise.,medium,false,eval_only_noise,"paragraph: Taking pCD-PY as a template, the candidate genes plst6, plst6*, bst and bst* were cloned to the position of pst6-224 to generate pCD-LY, pCD- L*Y, pCD-BY and pCD-B*Y, respectively... | paragraph: 3. Gene knockout via CRISPR-Cas9 system Genes lacZ, nanA, pfkA and nagB were knocked out from E. coli chromosome by CRISPR-Cas9 system. The CRISPR-Cas9 system based on two-plasmid...",false
doc_0010,doc_0010.pdf,p3_b0033,table_caption,table_caption,Table 1. Peptides from osteopontin,skip_uncertain,,Sign-off label is uncertain.,low,false,uncertain,subsection_heading: ### Time Irnin) | subsection_heading: ### 1 00 a,false
doc_0027,doc_0027.pdf,p5_b0081,figure_caption,paragraph,Fig. 4. The P.,demote_to_paragraph,phase5d3_broken_organism_or_abbreviation_prefix,Sign-off safe_to_demote and nearby text strongly indicates split organism/abbreviation.,high,false,safe_to_demote,"paragraph: Previous studies (Resina et al., 2005) have shown that ROL production and productivity levels in high cell density fed-batch cultivations are best when the induction phase (when c... | paragraph: pastoris X-33 DGAS1 strain performed significantly different when compared with the corresponding parental strain grown under the same condi- tions (Resina et al., 2005): first, t...",true
doc_0028,doc_0028.pdf,p5_b0052,table_caption,table_caption,Supplementary Table 2. bORFs not targeted are given in the text.,skip_eval_only_noise,,Sign-off label is eval_only_noise.,medium,false,eval_only_noise,paragraph: Toxin–antitoxin (TA) systems Deletion of a single gene can lead to aberrant behavior in certain gene contexts. Well-studied examples are the prokar- Table I Mutant summary Class T... | paragraph: o 1 1 to +1 X+1 87.5 62.5 37.5 12.5 Total ORF1⁄4open-reading frame. aData are in given Supplementary Table 3. bPercent of the four or eight KmR colonies shown to have the correct ...,false
doc_0028,doc_0028.pdf,p7_b0075,figure_caption,figure_caption,Supplementary Figure 1. Data are in given Supplementary Table 3.,skip_eval_only_noise,,Sign-off label is eval_only_noise.,medium,false,eval_only_noise,"paragraph: AVE-2 s.d. (0.084) (0.084) dsbA fabH potG ydiA ybeD uvrA pps priA ymdA ymdA IIII Figure 6 Profiling gene contribution for growth. Mutants of all 3985 genes in the Keio collection ... | paragraph: Major COG categories: blue diamond, information storage and processing; red square, cellular processes; yellow triangle, metabolism; black filled circle, poorly characterized; and...",false
doc_0046,doc_0046.pdf,p5_b0044,figure_caption,figure_caption,Fig. 4. Confirmation of the GSO6.,skip_keep_as_caption,,Sign-off label is keep_as_caption.,low,false,keep_as_caption,"paragraph: Correspondingly in Figure 2B, we observed more intense SNA lectin binding which, following PNGase treatment, was | paragraph: 0 α-dystroglycan-type O-linked glycan structure. Following the release of O-linked glycans from TNFR2:Fc by β-elimination, the released glycans were analyzed by HPAEC-PAD. The O-l...",false
doc_0050,doc_0050.pdf,p4_b0030,figure_caption,figure_caption,Fig. 3.,skip_eval_only_noise,,Sign-off label is eval_only_noise.,high,false,eval_only_noise,"paragraph: A prokaryotic PQ-loop protein functions as a sucrose transporter. (A) The prokaryotic PQ-loop protein, BjSemiSWEET1, and AtSWEET11 from Arabidopsis were coexpressed with the sucro... | paragraph: Coexpression of AtSWEET1 N and C halves or BjSemiSWEET1 in a yeast hexose transporter mutant EBY4000 and homooligomerization of BjSemiSWEET1. (A) The yeast colonies were first gro...",false
doc_0050,doc_0050.pdf,p8_b0071,figure_caption,figure_caption,Fig. 7.,skip_eval_only_noise,,Sign-off label is eval_only_noise.,high,false,eval_only_noise,paragraph: Evolutionary distances were computed using the Poisson correction method (43) and are in the units of the number of amino acid substitutions per site. The analysis involved 62 ami... | paragraph: Localization of WT and mutant AtSWEET1 proteins in yeast. WT and mutant AtSWEET1-GFP fusion proteins were expressed in the EBY4000 yeast strain. After growth on minimal medium wit...,false
doc_0050,doc_0050.pdf,p8_b0074,figure_caption,figure_caption,Fig. 8.,skip_eval_only_noise,,Sign-off label is eval_only_noise.,high,false,eval_only_noise,paragraph: G180D-GFP. (Scale bar: 10 μm.) | paragraph: Inhibition of glucose transport by coexpressing WT and mutant AtSWEET1 proteins in yeast EBY4000. p112AINE empty or p112AINE-SWEET1 vector was cotransformed with pDRf1 empty or pD...,false
doc_0056,doc_0056.pdf,p7_b0064,table_caption,table_caption,Table 1 (continued),skip_eval_only_noise,,Sign-off label is eval_only_noise.,medium,false,eval_only_noise,paragraph: Putative Protease Trypsin Thermolysin 2334.96 2.3 3469.64 16.3 3760.69 3.6 2823.28 17.0 3114.34 2.3 3909.77 −4.0 3588.53 4.3 3341.37 1.1 3632.46 0.15 aIdentified potential O-glyco... | paragraph: 3.3. Phosphorylation site identification by RPLC–MS/MS The MSA method was applied to identification of the phosphoryla- tion sites to circumvent the problem of poor phosphopeptide...,false
doc_0073,doc_0073.pdf,p5_b0078,figure_caption,figure_caption,Figure 3.,skip_eval_only_noise,,Sign-off label is eval_only_noise.,high,false,eval_only_noise,"paragraph: Identification of 2-FL Produced by Engineered E. coli To confirm biosynthesis of 2-FL in engineered E. coli, subsequent analysis was carried out with MALDI-TOF MS. Figure 3a shows... | paragraph: Representative MS spectrum of 2-FL production identified by MALDI-TOF MS (a). CID tandem MS spectrum of mono-FL ([Hex2 þ Fuc1 þ Na]þ) at m/z 511.164 (b) and di-FL ([Hex2 þ Fuc2 þ ...",false
doc_0073,doc_0073.pdf,p6_b0087,figure_caption,figure_caption,Figure 5.,skip_eval_only_noise,,Sign-off label is eval_only_noise.,high,false,eval_only_noise,paragraph: Impact of modulation of lactose metabolism on 2-FL production in engineered E. coli strains [(a) 4L; (b) 4L M15; (c) 4L YA] harboring plasmid FF. When optical density (OD600) reac... | paragraph: Effects of deletion of the fucI-fucK gene cluster on 2-FL production in engineered E. coli strains [(a) 4LF M15; (b) 4LF YA] harboring plasmid FF. When optical density (OD600) rea...,false
doc_0073,doc_0073.pdf,p7_b0093,figure_caption,figure_caption,Figure 6.,skip_eval_only_noise,,Sign-off label is eval_only_noise.,high,false,eval_only_noise,paragraph: Deletion of fucI-fucK Gene Cluster for Efficient Production of 2-FL L-Fucose is known to be metabolized through the inducible pathway in E. coli by the sequential reactions of L-f... | paragraph: Summary of improved 2-FL production performance in batch fermentation of engineered E. coli strains.,false
doc_0073,doc_0073.pdf,p7_b0095,figure_caption,figure_caption,Figure 7.,skip_eval_only_noise,,Sign-off label is eval_only_noise.,high,false,eval_only_noise,paragraph: Summary of improved 2-FL production performance in batch fermentation of engineered E. coli strains. | paragraph: Growth profiles of engineered E. coli strains with (a) or without (b) plasmid FF.,false
doc_0082,doc_0082.pdf,p8_b0082,table_caption,table_caption,"Supplementary Table 6. All calculations were done with MATLAB (R2013a, The MathWorks, Inc.",skip_uncertain,,Sign-off label is uncertain.,medium,false,uncertain,"paragraph: The stoichiometric model (Supplementary Table 5) used for the calculation of intracellular fluxes was based on a previously published model of K. phaffii central carbon metabolism... | paragraph: , Natick, Massachusetts, USA).",false
doc_0083,doc_0083.pdf,p11_b0104,figure_caption,paragraph,Figure S1. The S.,demote_to_paragraph,phase5d3_broken_organism_or_abbreviation_prefix,Sign-off safe_to_demote and nearby text strongly indicates split organism/abbreviation.,high,false,safe_to_demote,paragraph: Additional file 1: | paragraph: cerevisiae α-factor secretion signal.,true
doc_0090,doc_0090.pdf,p10_b0097,table_caption,table_caption,Table 1. Calcium GEFIs.,skip_uncertain,,Sign-off label is uncertain.,medium,false,uncertain,paragraph: 10 of 37 | subsection_heading: ### Name,false
doc_0090,doc_0090.pdf,p14_b0155,table_caption,table_caption,Table 3. Voltage GEFIs,skip_uncertain,,Sign-off label is uncertain.,medium,false,uncertain,paragraph: 14 of 37 (not more than 3%) and slow kinetics (approximately 26 ms). This probe was recently improved by linker shortening that gave 25–30-fold increase in the rate of response [1... | subsection_heading: ### Name,false
doc_0090,doc_0090.pdf,p17_b0202,table_caption,table_caption,Table 4. Redox GEFIs.,skip_uncertain,,Sign-off label is uncertain.,medium,false,uncertain,"paragraph: 17 of 37 obtaining such indicators is based on the introduction of UAAs into the chromophore region of a FP by coexpressing the orthogonal tRNA/synthetase pair. For example, an or... | subsection_heading: ### Name",false
doc_0094,doc_0094.pdf,p3_b0033,figure_caption,figure_caption,Supplementary Figure 1. The plasmid map is provided in Supplementary Files.,skip_eval_only_noise,,Sign-off label is eval_only_noise.,medium,false,eval_only_noise,"paragraph: Construction of the UPR-Reporter Plasmid pREP-UPSKAR2-sfGFP-NAT The plasmid for monitoring the UPR in recombinant P. pastoris strains, named pREP-UPSKAR2-sfGFP-NAT, carried a 324 ... | paragraph: Construction of Plasmids Bearing the Genes of the Model Recombinant Proteins The expression cassettes for recombinant protein production contained the AOX1 promoter, a secretion s...",false
doc_0094,doc_0094.pdf,p3_b0037,table_caption,table_caption,Supplementary Table 1. The plasmid maps are provided in Supplementary Files.,skip_eval_only_noise,,Sign-off label is eval_only_noise.,medium,false,eval_only_noise,paragraph: The nucleotide sequences of all the above-mentioned primers are provided in | paragraph: Electro-competent P. pastoris X33 (Invitrogen) cells were prepared and transformed [according to the protocol described by Lin-Cereghino et al. (2005)] with the plasmid DNA and th...,false
doc_0101,doc_0101.pdf,p18_b0330,table_caption,table_caption,Table 9. 3.,skip_eval_only_noise,,Sign-off label is eval_only_noise.,medium,false,eval_only_noise,"paragraph: The sialylated HMOs obtained at least at the mg scale are sum- marized in | paragraph: 1.3.1. α2,3-Sialyllacto-N-biose (3’SLNB, NeuAcα2,3Galβ1,3GlcNAc) (38). 3S’LNB (38) is a common moiety of sialylated HMOs, such as LST",false
doc_0101,doc_0101.pdf,p24_b0481,table_caption,table_caption,Table 11. 3.,skip_eval_only_noise,,Sign-off label is eval_only_noise.,medium,false,eval_only_noise,"paragraph: The fucosylated HMOs obtained at least at mg scale are summarized in | paragraph: 2.2.1. 2′-Fucosyllactose (2′FL, Fucα1,2Galβ1,4Glc) (12). 2’FL was successfully different strategies factory approach and it is currently produced at industrial scale. The first on...",false
doc_0101,doc_0101.pdf,p25_b0504,table_caption,table_caption,Table 12. 3.,skip_eval_only_noise,,Sign-off label is eval_only_noise.,medium,false,eval_only_noise,"paragraph: The sialylated HMOs obtained at least at the mg scale are sum- marized in | paragraph: 2.3.1. 3′SL (NeuAcα2,3Galβ1,4Glc) (37). Different engineering strategies had been applied for production of 3’SL (36).",false
doc_0104,doc_0104.pdf,p2_b0022,table_caption,paragraph,Table 1. E.,demote_to_paragraph,phase5d3_broken_organism_or_abbreviation_prefix,Sign-off safe_to_demote and nearby text strongly indicates split organism/abbreviation.,high,false,safe_to_demote,"paragraph: The recombinant B. subtilis used in this study are listed in | paragraph: coli JM109 was used as host for gene clon- ing. The p7Z6, p7S6, p7C6, p7Z6P43, p7S6P43, p7C6P43, pDG-Cre, and pP43NMK were stored in our laboratory.",true
doc_0105,doc_0105.pdf,p2_b0018,table_caption,paragraph,Table 1. E.,demote_to_paragraph,phase5d3_broken_organism_or_abbreviation_prefix,Sign-off safe_to_demote and nearby text strongly indicates split organism/abbreviation.,high,false,safe_to_demote,"paragraph: Strains, Culture, Chemicals, and DNA Manipulation Techniques. The strains and plasmids used in this research are listed in | paragraph: coli was cultured in Luria−Bertani (LB) at 37 °C.",true
doc_0109,doc_0109.pdf,p3_b0039,figure_caption,figure_caption,Fig. 3. 3.,skip_eval_only_noise,,Sign-off label is eval_only_noise.,medium,false,eval_only_noise,paragraph: Complete sequence alignment of PDI1 promoter regions of S. cere- visiae and P. pastoris is performed by using the Pro-Coffee tool that aligns homologous promoter regions [20]. The... | paragraph: 2. Construction of recombinant P. pastoris strains and quantification gene copy number The PDI1 promoter sequence corresponding to 1000bp was ampli- fied from P.pastoris genomic D...,false
doc_0118,doc_0118.pdf,p5_b0053,table_caption,table_caption,Table 1 (continued),skip_eval_only_noise,,Sign-off label is eval_only_noise.,medium,false,eval_only_noise,"paragraph: Vibrio sp. 5.5 (20 b) 57.5 (Takakura et al., (continued on next page) | paragraph: Source Km [mM] kcat/Km [s−1 mM−1]",false
doc_0118,doc_0118.pdf,p6_b0065,figure_caption,paragraph,Fig 4. The C.,demote_to_paragraph,phase5d3_article_plus_single_letter_fragment,Sign-off safe_to_demote and nearby text supports organism/name continuation fragment.,high,false,safe_to_demote,"paragraph: Iwatani et al., 2009; Kakuta et al., 2008; Ni et al., 2007; Schmölzer et al., 2015) adopt a GT-B fold. Glycosyltransferases of this fold family generally lack the Asp-Xxx-Asp moti... | paragraph: jejuni GT42 SiaTs are functional tetramers in solution (Chiu et al., 2007, Chiu et al., 2004). Their oligomerization is however not essential for catalytic ac tivity of the indivi...",true
doc_0118,doc_0118.pdf,p15_b0225,table_caption,table_caption,Table 6. The SiaC from E.,skip_keep_as_caption,,Sign-off label is keep_as_caption.,low,false,keep_as_caption,"paragraph: Characteristics of SiaCs are summarized in | paragraph: coli KI-M12 (EcSiaC) shows the highest specific activity (487 U/mg protein). The enzyme’s kcat is 422 s-1 (Komaki et al., 1997). EcSiaC also shows highest affinities for the subst...",false
doc_0119,doc_0119.pdf,p2_b0016,table_caption,paragraph,Table S1. E.,demote_to_paragraph,phase5d3_broken_organism_or_abbreviation_prefix,Sign-off safe_to_demote and nearby text strongly indicates split organism/abbreviation.,high,false,safe_to_demote,"paragraph: Bacterial Strains, Plasmids, and Media. Bacterial strains and plasmids used in this study are listed in | paragraph: coli DH5α was used for gene cloning and was propagated in a Luria−Bertani (LB) medium at 37 °C under aeration. A modified terrific broth (MTB) medium (12 g/L tryptone, 24 g/L yeas...",true
doc_0120,doc_0120.pdf,p3_b0025,table_caption,paragraph,Table 1. E.,demote_to_paragraph,phase5d3_broken_organism_or_abbreviation_prefix,Sign-off safe_to_demote and nearby text strongly indicates split organism/abbreviation.,high,false,safe_to_demote,paragraph: All strains and plasmids used in this study are summarized in | paragraph: coli DH5α was used as a host strain for cloning and construction of plasmids. E. coli K12 MG1655 provided the genomic template for obtaining genes of interest. E. coli C41 (DE3) Z...,true
doc_0123,doc_0123.pdf,p2_b0020,figure_caption,figure_caption,Fig. 1. (A).,skip_uncertain,,Sign-off label is uncertain.,medium,false,uncertain,"paragraph: Wu et al., 2019). The effect of single gene mutation in the LPS | paragraph: Structures of core oligosaccharide in LPS and the genes required for synthesizing this core oligosaccharide in E. coli MG1655. (B). Structures of CA and the genes required for syn...",false
doc_0123,doc_0123.pdf,p5_b0043,table_caption,table_caption,Table 2. 2.,skip_eval_only_noise,,Sign-off label is eval_only_noise.,medium,false,eval_only_noise,"paragraph: China), and transcribed into cDNA using HiScript II 1 st Strand cDNA Synthesis Kit (Vazyme Biotech, P.R. China) according to the manu- facturer’s protocol. The mRNA expression was... | paragraph: 8. Determination of intracellular D-glucose-6-phosphate D-glucose-6-phosphate (D-Glc-6-P) was extracted from cells ac- cording to Antonio’s method (Zhu et al., 2009). The cells(ab...",false
doc_0128,doc_0128.pdf,p8_b0095,table_caption,paragraph,Table 1. E.,demote_to_paragraph,phase5d3_broken_organism_or_abbreviation_prefix,Sign-off safe_to_demote and nearby text strongly indicates split organism/abbreviation.,high,false,safe_to_demote,paragraph: All other chemicals used in the study were commercially available and were of analytical grade. 3.2. Plasmids and Strains The plasmids and strains used in this study are listed in | paragraph: coli BL21 Star (DE3) and E. coli BL21 Star (DE3) ΔlacZ were used as the host strain for protein expression. Chromosomal gene disruption of the host strain was carried out with the...,true
doc_0128,doc_0128.pdf,p8_b0105,table_caption,paragraph,Table 1. E.,demote_to_paragraph,phase5d3_broken_organism_or_abbreviation_prefix,Sign-off safe_to_demote and nearby text strongly indicates split organism/abbreviation.,high,false,safe_to_demote,paragraph: All other chemicals used in the study were commercially available and were of analytical grade. 3.2. Plasmids and Strains The plasmids and strains used in this study are listed in | paragraph: coli BL21 Star (DE3) and E. coli BL21 Star (DE3) ∆lacZ were used as the host strain for protein expression. Chromosomal gene disruption of the host strain was carried out with the...,true
doc_0129,doc_0129.pdf,p8_b0095,table_caption,paragraph,Table 1. E.,demote_to_paragraph,phase5d3_broken_organism_or_abbreviation_prefix,Sign-off safe_to_demote and nearby text strongly indicates split organism/abbreviation.,high,false,safe_to_demote,paragraph: All other chemicals used in the study were commercially available and were of analytical grade. 3.2. Plasmids and Strains The plasmids and strains used in this study are listed in | paragraph: coli BL21 Star (DE3) and E. coli BL21 Star (DE3) ΔlacZ were used as the host strain for protein expression. Chromosomal gene disruption of the host strain was carried out with the...,true
doc_0129,doc_0129.pdf,p8_b0105,table_caption,paragraph,Table 1. E.,demote_to_paragraph,phase5d3_broken_organism_or_abbreviation_prefix,Sign-off safe_to_demote and nearby text strongly indicates split organism/abbreviation.,high,false,safe_to_demote,paragraph: All other chemicals used in the study were commercially available and were of analytical grade. 3.2. Plasmids and Strains The plasmids and strains used in this study are listed in | paragraph: coli BL21 Star (DE3) and E. coli BL21 Star (DE3) ∆lacZ were used as the host strain for protein expression. Chromosomal gene disruption of the host strain was carried out with the...,true
doc_0137,doc_0137.pdf,p6_b0078,table_caption,table_caption,Table 1(continued),skip_eval_only_noise,,Sign-off label is eval_only_noise.,medium,false,eval_only_noise,"paragraph: Human trypsinogen PAOX1 or Content of Kar2p ↑up to 4-fold | paragraph: Recombinant protein Promoter Intracellular accumulation/degradation ER-stress Human trypsinogen Expression of PDI1, HAC1, ERO1, etc. ↑ Human trypsinogen (1, 2, or 3 copies)",false
doc_0137,doc_0137.pdf,p9_b0128,table_caption,table_caption,Table 2(continued),skip_eval_only_noise,,Sign-off label is eval_only_noise.,medium,false,eval_only_noise,"paragraph: Expression in 2-copy strain ↑9.8-fold (KAR2), insignificant change (PDI1, ERO1) (Sallada et al. 2019) | paragraph: Expression in 3-copy strain ↑22-fold (KAR2), ↑7.8-fold (PDI1), 30-fold (ERO1)",false
doc_0140,doc_0140.pdf,p6_b0068,table_caption,table_caption,Table 1. 3.,skip_eval_only_noise,,Sign-off label is eval_only_noise.,medium,false,eval_only_noise,"paragraph: Currently, 2′-FL has been widely studied due to its simple structure and high content in HMOs. In addition, 42 types of HMO structures have been used in microbial system productio... | paragraph: 1. Engineered E. coli Routes. 3.1.1. The Engineered E. coli Production of 2′-FL. There are three main elements in the production of 2′-FL: lactose transport in cells, over- expres...",false
doc_0145,doc_0145.pdf,p6_b0068,table_caption,table_caption,Table 1. 3.,skip_eval_only_noise,,Sign-off label is eval_only_noise.,medium,false,eval_only_noise,"paragraph: Currently, 2′-FL has been widely studied due to its simple structure and high content in HMOs. In addition, 42 types of HMO structures have been used in microbial system productio... | paragraph: 1. Engineered E. coli Routes. 3.1.1. The Engineered E. coli Production of 2′-FL. There are three main elements in the production of 2′-FL: lactose transport in cells, over- expres...",false
doc_0150,doc_0150.pdf,p8_b0063,figure_caption,figure_caption,Fig. 6. Fig.,skip_eval_only_noise,,Sign-off label is eval_only_noise.,medium,false,eval_only_noise,"paragraph: As result, 22.3 g l 1 obtained at the end of fed-batch fermentation, which was 9.96 times of that in the shake flask. As shown in Table S3, the strain was assimilated by glycerol ... | paragraph: Biosynthesis of 20-FL by batch and fed-batch fermentation. Production of 20-FL from glycerol with batch fermentations using several a1,2-fucosyltransferase including HpFutC1 (A), ...",false
doc_0151,doc_0151.pdf,p2_b0021,table_caption,paragraph,Table 1. E.,demote_to_paragraph,phase5d3_broken_organism_or_abbreviation_prefix,Sign-off safe_to_demote and nearby text strongly indicates split organism/abbreviation.,high,false,safe_to_demote,"paragraph: Construction of Recombinant Plasmids and Strains. All the strains and plasmids used in this study are shown in | paragraph: coli DH5α was used for cloning and plasmid construction, and E. coli BL21 (DE3) was used for gene expression and target product production. All the primers used in this work are l...",true
doc_0151,doc_0151.pdf,p2_b0025,table_caption,paragraph,Table 1. E.,demote_to_paragraph,phase5d3_broken_organism_or_abbreviation_prefix,Sign-off safe_to_demote and nearby text strongly indicates split organism/abbreviation.,high,false,safe_to_demote,"paragraph: Media and Culture Conditions. The media used in this study include Luria-Bertani (LB) medium and defined medium. LB medium contains 5 g of yeast extract, 10 g of tryptone, and 10 ... | paragraph: coli Strains and Plasmids Used in This Study strains or plasmids characteristics source Strains DH5α F−, φ80d, lacZΔM15, endA1, recA1, −), supE44, thi-1, gyrA96, relA1, Δ(lacZYAar...",true
doc_0158,doc_0158.pdf,p8_b0066,table_caption,paragraph,Table 1. The K.,demote_to_paragraph,phase5d3_broken_organism_or_abbreviation_prefix,Sign-off safe_to_demote and nearby text strongly indicates split organism/abbreviation.,high,false,safe_to_demote,"paragraph: Yeast Strains and Media. All strains used in this study are listed in | paragraph: phaffii strain CBS7435 (NRRL Y- 11430 or ATCC 76273) was obtained from the ATCC (American Type Culture Collection; Manassas, VA, USA).",true
doc_0161,doc_0161.pdf,p12_b0066,table_caption,table_caption,Table S3. C.,skip_needs_manual_pdf_check,,Sign-off label is needs_manual_pdf_check.,high,false,needs_manual_pdf_check,paragraph: Strains. A full list of all used strains can be found in the | paragraph: cinerea samples were extracted from strains AmutBmut or AmutBmut Dku70. The same Dku70 strain was used to establish all knockout cell lines and is therefore labeled as wildtype (w...,false
doc_0166,doc_0166.pdf,p7_b0069,figure_caption,figure_caption,Fig. 4).,skip_uncertain,,Sign-off label is uncertain.,medium,false,uncertain,"paragraph: To investigate the properties of single-amino-acid sub- stitutions for obtaining the higher scFv titres, we first assessed the correlation between the scFv titres and the changes ... | paragraph: Thus, it appears that each of the seven MFα signal peptide sub- stitutions that elevate the titres of secreted protein also lower the hydrophobicity of the signal peptide (Fig. 4).",false
doc_0167,doc_0167.pdf,p3_b0032,table_caption,paragraph,Table 1. E.,demote_to_paragraph,phase5d3_broken_organism_or_abbreviation_prefix,Sign-off safe_to_demote and nearby text strongly indicates split organism/abbreviation.,high,false,safe_to_demote,"paragraph: The supernatant filtrated through 0.22 μm membrane was subjected to a Rezex ROA-Organic Acid H+ column (Phenomenex Inc., CA, USA) and a refractive index detector for analysis at 5... | paragraph: coli Strains and Plasmids Used in this Study strains or source strains DH5α F−, φ80d, lacZΔM15, endA1, recA1, hsdR17 (rK−mK−), supE44, thi-1, gyrA96, relA1, Δ (lacZYAargF)U169 Inv...",true
doc_0170,doc_0170.pdf,p2_b0016,table_caption,paragraph,Table S1. E.,demote_to_paragraph,phase5d3_broken_organism_or_abbreviation_prefix,Sign-off safe_to_demote and nearby text strongly indicates split organism/abbreviation.,high,false,safe_to_demote,"paragraph: Bacterial Strains, Media, and Culture Conditions. The bacterial strains used in this study are listed in | paragraph: coli DH5α was used as a host for recombinant DNA manipulation and plasmid construction. E. coli BL21(DE3) and derived strains were used for LNT II production. All strains were gro...",true
doc_0172,doc_0172.pdf,p2_b0021,table_caption,paragraph,Table S1. The E.,demote_to_paragraph,phase5d3_broken_organism_or_abbreviation_prefix,Sign-off safe_to_demote and nearby text strongly indicates split organism/abbreviation.,high,false,safe_to_demote,paragraph: Construction of Recombinant Plasmids and Strains. The E. coli strains used in this work are summarized in | paragraph: coli DH5α host strain was applied for gene cloning and plasmid reconstruction. The E. coli BL21(DE3) host strain was applied for the construction of the metabolically engineered s...,true
doc_0183,doc_0183.pdf,p3_b0030,figure_caption,paragraph,FIGURE 1 3 of 12,demote_to_paragraph,phase5d3_page_header_footer_caption_fragment,Sign-off safe_to_demote and caption matches exact page-header/footer fragment pattern.,medium,false,safe_to_demote,"paragraph: The mut10 was prepared using the expression and purifi- cation method of the CH2 domain (Oyama, Ohkuri, Ochi, et al., 2021) (Figure 1c,d). The CH2 domain and mut10 were monomers i... | paragraph: When a peptide has absorption at 280 nm, it indicates presence a tryptophan or tyrosine residue (Figure 3f). It was found that the peptides in mut10 only had absorption at 280 nm....",true
doc_0183,doc_0183.pdf,p5_b0047,figure_caption,paragraph,FIGURE 3 5 of 12,demote_to_paragraph,phase5d3_page_header_footer_caption_fragment,Sign-off safe_to_demote and caption matches exact page-header/footer fragment pattern.,medium,false,safe_to_demote,figure_caption: FIGURE 1 CH2 domain mutant design and purification. (a) The structure of isolated CH2 domain (Protein Data Bank: 3DJ9). Cys261 and Cys321 form the native disulfide bond (highlight... | title: # Suppression of CH2 domain aggregation by introducing new disulfide bond,true
doc_0183,doc_0183.pdf,p7_b0062,figure_caption,paragraph,FIGURE 4 7 of 12,demote_to_paragraph,phase5d3_page_header_footer_caption_fragment,Sign-off safe_to_demote and caption matches exact page-header/footer fragment pattern.,medium,false,safe_to_demote,"paragraph: Comparison of peptide mapping of mut10 under non-reducing conditions (green line) and reducing conditions (black line). (c) was detected at 215 nm and (d) was detected at 280 nm. ... | paragraph: mut20. Mut10 exhibited greater light scattering compared to mut20. From these results, it was suggested that aggre- gation of mut25 was the lowest among all mutants of the CH2 dom...",true
doc_0190,doc_0190.pdf,p6_b0069,table_caption,table_caption,Table 1. Cont.,skip_eval_only_noise,,Sign-off label is eval_only_noise.,medium,false,eval_only_noise,paragraph: 6 of 19 | subsection_heading: ### Promoters,false
doc_0190,doc_0190.pdf,p10_b0121,table_caption,table_caption,Table 2. Cont.,skip_eval_only_noise,,Sign-off label is eval_only_noise.,medium,false,eval_only_noise,paragraph: 10 of 19 | subsection_heading: ### Classification,false
doc_0192,doc_0192.pdf,p3_b0027,table_caption,paragraph,Table 2. E.,demote_to_paragraph,phase5d3_broken_organism_or_abbreviation_prefix,Sign-off safe_to_demote and nearby text strongly indicates split organism/abbreviation.,high,false,safe_to_demote,"paragraph: products.15 Therefore, the UDP-GlcNAc pathway is conducive to NeuAc synthesis in Escherichia coli. In the UDP-GlcNAc pathway, the metabolic intermediate fructose-6-phosphate (Fru6... | paragraph: coli Plasmids and Strains Used in This Study plasmids and strains characteristics source Plasmids pRSFDuet-1 Two T7 promoters, RSF1030 replicon, KanR, high copy number (∼100 copie...",true
doc_0192,doc_0192.pdf,p4_b0038,table_caption,paragraph,Table 2. E.,demote_to_paragraph,phase5d3_broken_organism_or_abbreviation_prefix,Sign-off safe_to_demote and nearby text strongly indicates split organism/abbreviation.,high,false,safe_to_demote,paragraph: Microorganisms and Cultivation Conditions. All strains used in this study are listed in | paragraph: coli JM109 was used for plasmid construction and propagation. E. coli BL21(DE3) was used as the initial host strain for construction of the NeuAc synthetic pathway. E. coli cells ...,true
doc_0195,doc_0195.pdf,p3_b0027,table_caption,paragraph,Table 2. E.,demote_to_paragraph,phase5d3_broken_organism_or_abbreviation_prefix,Sign-off safe_to_demote and nearby text strongly indicates split organism/abbreviation.,high,false,safe_to_demote,"paragraph: products.15 Therefore, the UDP-GlcNAc pathway is conducive to NeuAc synthesis in Escherichia coli. In the UDP-GlcNAc pathway, the metabolic intermediate fructose-6-phosphate (Fru6... | paragraph: coli Plasmids and Strains Used in This Study plasmids and strains characteristics source Plasmids pRSFDuet-1 Two T7 promoters, RSF1030 replicon, KanR, high copy number (∼100 copie...",true
doc_0195,doc_0195.pdf,p4_b0038,table_caption,paragraph,Table 2. E.,demote_to_paragraph,phase5d3_broken_organism_or_abbreviation_prefix,Sign-off safe_to_demote and nearby text strongly indicates split organism/abbreviation.,high,false,safe_to_demote,paragraph: Microorganisms and Cultivation Conditions. All strains used in this study are listed in | paragraph: coli JM109 was used for plasmid construction and propagation. E. coli BL21(DE3) was used as the initial host strain for construction of the NeuAc synthetic pathway. E. coli cells ...,true
doc_0196,doc_0196.pdf,p3_b0021,table_caption,paragraph,Table 1. E.,demote_to_paragraph,phase5d3_broken_organism_or_abbreviation_prefix,Sign-off safe_to_demote and nearby text strongly indicates split organism/abbreviation.,high,false,safe_to_demote,"paragraph: All strains and plasmids used in this study are listed in | paragraph: coli DH5α and B. subtilis 3D6.2 were used for plasmid construction and as a host strain, respectively. All the primers are listed in Supplementary Table S1. Wild- type and mutant ...",true
doc_0196,doc_0196.pdf,p5_b0098,table_caption,table_caption,Table 1 (continued),skip_eval_only_noise,,Sign-off label is eval_only_noise.,medium,false,eval_only_noise,"paragraph: BLaK1 BLaK2 BLaK3 BLaS1 Z1, pGP BLaS2 Z1, pSP BLaS3 Z1, pGS BLaS4 Z1, pSG BLaS5 Z1, pPG BLaS6 Z1, pPS BLaS7 Z1, pAB | paragraph: BLaS8 Z1, pAA, pBt BLaKA1 Z1, pA0, pBt BLaKB1 Z1, pAA, pB0 BLaS9 Z1, pA2A, pBt BLaS10 Z1, pA3A, pBt BLaS11 Z1, pA4A, pBt Plasmids pHT0a E. coli–B. subtilis shuttle vector (AMPr, C...",false
doc_0198,doc_0198.pdf,p4_b0038,figure_caption,figure_caption,Fig. 2. 2.,skip_eval_only_noise,,Sign-off label is eval_only_noise.,medium,false,eval_only_noise,"paragraph: Taking pCD-PY as a template, the candidate genes plst6, plst6*, bst and bst* were cloned to the position of pst6-224 to generate pCD-LY, pCD- L*Y, pCD-BY and pCD-B*Y, respectively... | paragraph: 3. Gene knockout via CRISPR-Cas9 system Genes lacZ, nanA, pfkA and nagB were knocked out from E. coli chromosome by CRISPR-Cas9 system. The CRISPR-Cas9 system based on two-plasmid...",false
doc_0202,doc_0202.pdf,p2_b0024,table_caption,paragraph,Table 1. E.,demote_to_paragraph,phase5d3_broken_organism_or_abbreviation_prefix,Sign-off safe_to_demote and nearby text strongly indicates split organism/abbreviation.,high,false,safe_to_demote,"paragraph: Strains, Plasmids, and Culture Conditions. All of the plasmids and strains used in this study are listed in | paragraph: coli JM109 was utilized for DNA manipulation and plasmid recombination. The previously constructed strains, BWL and BWLWC, were used as chassis strains for 2′-FL production in thi...",true
doc_0212,doc_0212.pdf,p2_b0018,table_caption,paragraph,Table S1. The E.,demote_to_paragraph,phase5d3_broken_organism_or_abbreviation_prefix,Sign-off safe_to_demote and nearby text strongly indicates split organism/abbreviation.,high,false,safe_to_demote,"paragraph: The primers used in this study were synthesized by GENEWIZ (Suzhou, China). 2.2. Plasmids and strains The strains and plasmids used in this study are listed in Table 2, while the ... | paragraph: coli DH5α strain was used for plasmid construction, and P. pastoris GS115, X-33, SMD1163, and SMD1168 strains were used as the host cells for recombinant expression of the lactofe...",true
doc_0218,doc_0218.pdf,p3_b0043,figure_caption,figure_caption,Figure 1.,skip_eval_only_noise,,Sign-off label is eval_only_noise.,high,false,eval_only_noise,"paragraph: Effects of the Spc2 deletion on cleavage of TM segments As shown above, N#CPYt(h) variants with N# > 16 were more efficiently cleaved when Spc2 was absent or lacking its C-termina... | paragraph: The N-length-dependent signal sequence cleavage profile in the spc2Δ strain. (A) Schematics of N#CPYt(h) constructs. The extended N-terminal sequences are from Dap2, a yeast SA pr...",false
doc_0218,doc_0218.pdf,p4_b0051,figure_caption,figure_caption,Figure 2.,skip_eval_only_noise,,Sign-off label is eval_only_noise.,high,false,eval_only_noise,"paragraph: Thus, the deletion of Spc2 enhances the cleavage efficiencies of TM segments, particularly of those that have slightly longer h-regions than those in typical SPs (Petersen et al.,... | paragraph: The C-terminal domain of Spc2 is important for N-length-dependent signal sequence cleavage. (A) Structures of human SPCS2 (PDB: 7P2P) and yeast Spc2 (predicted by AlphaFold2, UniP...",false
doc_0218,doc_0218.pdf,p15_b0172,figure_caption,figure_caption,Figure S1.,skip_eval_only_noise,,Sign-off label is eval_only_noise.,high,false,eval_only_noise,"title: # Supplemental material | paragraph: Presents sequences and data related to Spc2, its homologs and mutants. (A) Sequence alignment of Spc2 homologs (human, canine and S. cerevisiae). Predicted TMs are in yellow. Unde...",false
doc_0218,doc_0218.pdf,p16_b0175,figure_caption,figure_caption,Figure S2.,skip_eval_only_noise,,Sign-off label is eval_only_noise.,high,false,eval_only_noise,paragraph: S1 | paragraph: Shows the predicted signal sequence cleavage sites of the proteins used in the study. (A) The N-terminal 60 residues of Pho8 and Pho8(P54A) are shown. Signal-anchored sequences ar...,false
doc_0218,doc_0218.pdf,p17_b0178,figure_caption,figure_caption,Figure S3.,skip_eval_only_noise,,Sign-off label is eval_only_noise.,high,false,eval_only_noise,paragraph: S2 | paragraph: Provides model validation for the MD simulations. (A and B) Comparison of the α-carbon root mean squared fluctuations (RMSFs) between all- atom (AA) and coarse-grained (CG) MD sim...,false
doc_0218,doc_0218.pdf,p18_b0181,figure_caption,figure_caption,Figure S4.,skip_eval_only_noise,,Sign-off label is eval_only_noise.,high,false,eval_only_noise,paragraph: S3 | paragraph: Includes MD simulation data on water density profiles and maps. (A) Water density profiles computed using gmx density. The solid line is computed from an all-atom MD simulation wi...,false
doc_0218,doc_0218.pdf,p19_b0185,figure_caption,figure_caption,Figure S5.,skip_eval_only_noise,,Sign-off label is eval_only_noise.,high,false,eval_only_noise,"paragraph: Provided online are Table S1, Data S1, and Data S2. Table S1 shows signal sequences used in Fig. 1 and Fig. 3 E. Data S1 contains mass spectrometry data on the abundance ratio bet... | paragraph: Illustrates structural rearrangements of the SPC upon removal of Spc2. (A) Crossing angle computed from the vector defined in the Spc3 TM helix 1, between residues 4 and 23, and t...",false
doc_0219,doc_0219.pdf,p12_b0225,figure_caption,figure_caption,"Figure 1. Genome research, 14, 1188–1190.",skip_uncertain,,Sign-off label is uncertain.,medium,false,uncertain,"paragraph: WebLogo: A Sequence Logo Generator: | paragraph: 42. Letunic, I., & Bork, P. (2021). Interactive Tree Of Life (iTOL) v5: an online tool for phylogenetic tree display and annotation. Nucleic Acids Research, 49, W293–W296. 43. Wu,...",false
doc_0222,doc_0222.pdf,p2_b0021,table_caption,table_caption,Table S4. 2.,skip_eval_only_noise,,Sign-off label is eval_only_noise.,medium,false,eval_only_noise,"paragraph: The sequences of the signal peptides used in this study are listed in | paragraph: 3. Construction of plasmids expressing molecular chaperone genes To construct plasmids expressing molecular chaperone genes, pGA PHA was linearized using primers pGAPHA-F/R. Meanw...",false
doc_0222,doc_0222.pdf,p2_b0025,table_caption,table_caption,Table S4. 2.,skip_eval_only_noise,,Sign-off label is eval_only_noise.,medium,false,eval_only_noise,"paragraph: Finally, the upstream homologous arm, PAB1 expression cassette, pro moter PGCW14, CPR5, terminator TGCW14, antibiotic resistance expression cassette, replicon, and downstream homo... | paragraph: 5. Strain transformation E. coli was transformed using the heat-shock method. K. phaffii was transformed via electrotransformation. First, plasmids were linearized using restricti...",false
doc_0240,doc_0240.pdf,p9_b0058,table_caption,table_caption,Table 1. Cont.,skip_eval_only_noise,,Sign-off label is eval_only_noise.,medium,false,eval_only_noise,paragraph: 9 of 26 | subsection_heading: ### Pathway,false
doc_0250,doc_0250.pdf,p4_b0075,figure_caption,figure_caption,Figure 1.,skip_eval_only_noise,,Sign-off label is eval_only_noise.,high,false,eval_only_noise,"subsection_heading: ### B | paragraph: A: Scheme for the immobilization of Neu5Ac on epoxy beads using a-(2,3)-sialyltransferase. B: RNA amount bound on beads during each immobilization steps were quantitated using Bia...",false
doc_0250,doc_0250.pdf,p6_b0104,figure_caption,figure_caption,Figure 3.,skip_eval_only_noise,,Sign-off label is eval_only_noise.,high,false,eval_only_noise,subsection_heading: ### B | paragraph: Neuraminidase activity in the presence of the aptamer. A: The fluorescence intensity of the 4-methylumbellifery-N-acetyl-a-D-neuraminic (Mu-Neu5Ac) of 6.25 nM was observed after i...,false
doc_0254,doc_0254.pdf,p3_b0034,table_caption,table_caption,Table 1. 2.,skip_eval_only_noise,,Sign-off label is eval_only_noise.,medium,false,eval_only_noise,paragraph: Mice food allergy symptom score Food allergy symptoms in mice were scored within 30 minutes of the last challenge. The observation methods and scoring cri- teria were referenced f... | paragraph: 4.,false
doc_0254,doc_0254.pdf,p3_b0040,table_caption,table_caption,Table S1.† 2.,skip_uncertain,,Sign-off label is uncertain.,medium,false,uncertain,"paragraph: After dehydration with gradient ethanol, the tissue samples were embedded in paraffin, trimmed, and sliced. After dewax- ing treatment, the tissues were dyed with hematoxylin–eosi... | paragraph: 6.",false
doc_0257,doc_0257.pdf,p11_b0120,figure_caption,figure_caption,SUPPLEMENTARY FIGURE S2 Effect of 2′-FL on neuritogenesis.,skip_keep_as_caption,,Sign-off label is keep_as_caption.,medium,false,keep_as_caption,paragraph: The Supplementary Material for this article can be found online at: https://www.frontiersin.org/articles/10.3389/fphar.2025.1598030/ full#supplementary-material SUPPLEMENTARY FIGU... | section_heading: ## References,false
doc_0268,doc_0268.pdf,p4_b0059,figure_caption,figure_caption,Fig. 2.,skip_eval_only_noise,,Sign-off label is eval_only_noise.,high,false,eval_only_noise,paragraph: Retention time (min) (d) | paragraph: HPLC Profiles of the Reaction Products Produced by CMP- Neu5Ac Synthetase SHIZ-145.,false
doc_0268,doc_0268.pdf,p4_b0066,figure_caption,figure_caption,Fig. 4.,skip_eval_only_noise,,Sign-off label is eval_only_noise.,high,false,eval_only_noise,paragraph: pH Relative activity (%) | paragraph: The Effects of pH and Temperature on the Activity of CMP- Neu5Ac Synthetase SHIZ-145.,false
doc_0268,doc_0268.pdf,p4_b0069,table_caption,table_caption,Table 2.,skip_keep_as_caption,,Sign-off label is keep_as_caption.,high,false,keep_as_caption,"paragraph: Tris–HCl buffer (pH 9.0) and (B) pH at 30 C in 100 mM Bis-Tris buffer (open diamonds), 100 mM sodium acetate buffer (open squares), 100 mM Tris–HCl buffer (triangles), 100 mM CHES... | paragraph: Effects of Divalent Cations on the Activity of CMP- Neu5Ac Synthetase SHIZ-145 Divalent cation (10 mM)",false
doc_0270,doc_0270.pdf,p11_b0076,table_caption,table_caption,"Supplementary Table 1. Subsequently, TruSeqTM RNA Sample Fig.",skip_eval_only_noise,,Sign-off label is eval_only_noise.,medium,false,eval_only_noise,"paragraph: Quantitative real-time reverse transcription polymerase chain reaction and RNA-Sequencing. The total RNA was isolated from the cells and tibia of mice using an RNeasy kit (74106, ... | paragraph: 5 3′-Sialyllactose alleviates bone loss in a mouse osteoporosis model. a Experimental design of the ovariectomy (OVX) mouse model. Six weeks after surgery, the OVX mice were admin...",false
doc_0277,doc_0277.pdf,p11_b0477,table_caption,table_caption,Supplementary Table 6. E.,skip_rule_guard,,Supplementary fragment lacks strong continuation evidence for parsed cleanup.,medium,false,safe_to_demote,"paragraph: Strains and growth conditions All engineered E. coli strains used and constructed in this work are derivatives of the WT strain E. coli (MG1655). The E. coli DH5α strain was used ... | paragraph: coli was grown in LB medium, and transformants were selected on plates containing kanamycin (50 μg/mL), or chlor- amphenicol (34 μg/mL), as appropriate.",true
doc_0301,doc_0301.pdf,p6_b0042,figure_caption,figure_caption,Figure 3. Cont.,skip_eval_only_noise,,Sign-off label is eval_only_noise.,medium,false,eval_only_noise,paragraph: 6 of 13 3.3. 6SL Suppressed E2F1–pRb Pathway Signaling and Induced Cell Cycle Arrest at the G1 and S Phases in a TP-Induced BPH Rat Model Increased activity of the transcription f... | paragraph: 7 of 13,false
doc_0301,doc_0301.pdf,p7_b0050,figure_caption,figure_caption,Figure 4. Cont.,skip_eval_only_noise,,Sign-off label is eval_only_noise.,medium,false,eval_only_noise,"section_heading: ## 6SL on BPH-related key markers (Figure 4B, Supplementary Data 4B). | paragraph: 8 of 13",false
doc_0302,doc_0302.pdf,p5_b0066,figure_caption,figure_caption,Figure 2. Cont.,skip_eval_only_noise,,Sign-off label is eval_only_noise.,medium,false,eval_only_noise,paragraph: The lactate level of the 6′-SL treated group (3.0 ± 0.35 mmol/L) was lower than that of the control group (4.3 ± 0.35 mmol/L) at rest. Immediately after the treadmill exercise (0 ... | paragraph: 6 of 11 (A) (B),false
doc_0302,doc_0302.pdf,p6_b0075,figure_caption,figure_caption,Figure 3. Cont.,skip_eval_only_noise,,Sign-off label is eval_only_noise.,medium,false,eval_only_noise,paragraph: (A) | paragraph: 7 of 11 (A) (B),false
doc_0304,doc_0304.pdf,p23_b0194,table_caption,table_caption,Table 2 (continued),skip_eval_only_noise,,Sign-off label is eval_only_noise.,medium,false,eval_only_noise,"paragraph: In addition, the engineering of industrial strains to simultaneously secrete multiple ligninolytic enzymes is required to reduce biofuels and other commercially important chemical... | subsection_heading: ### Microbes",false
doc_0316,doc_0316.pdf,p7_b0069,table_caption,paragraph,Table S1. E.,demote_to_paragraph,phase5d3_broken_organism_or_abbreviation_prefix,Sign-off safe_to_demote and nearby text strongly indicates split organism/abbreviation.,high,false,safe_to_demote,paragraph: Plasmids and Strains. Complete plasmids and strains used in this study are listed in | paragraph: coli MG1655 was the initial strain and was preserved in our lab. E. coli DH5α was used for plasmid construction and amplification. All primers used in plasmid and fused fragment c...,true
doc_0318,doc_0318.pdf,p3_b0031,table_caption,table_caption,Table S3. 2.,skip_eval_only_noise,,Sign-off label is eval_only_noise.,medium,false,eval_only_noise,"paragraph: The genome-editing approach employed in this study uses a two- plasmid system, consisting of a pCas9 plasmid encoding the Cas9 nuclease and a pTargetF plasmid harboring the single... | paragraph: 5. Fed-batch cultivation Strains BL-6SL24 and BL-6SL30 were grown in a 5 L bioreactor (T&J Bioengineering, Shanghai, China) containing 2 L of DM with an initial",false
doc_0326,doc_0326.pdf,p8_b0077,table_caption,table_caption,Table 1. (Continued),skip_eval_only_noise,,Sign-off label is eval_only_noise.,medium,false,eval_only_noise,subsection_heading: ### e10649 (7 of 20) | paragraph: System Metabolic Node or Target Summary Proof of concept Refs.,false
doc_0335,doc_0335.pdf,p7_b0095,figure_caption,paragraph,Figure 2. The B.,demote_to_paragraph,phase5d3_article_plus_single_letter_fragment,Sign-off safe_to_demote and nearby text supports organism/name continuation fragment.,high,false,safe_to_demote,"paragraph: the NC and B. breve+LNnT groups than in the MC group, whereas Verrucomicrobiota was more abundant in the MC group than in the other 2 groups. The top 30 genera, which together acc... | paragraph: breve+LNnT improves gastrointestinal regulatory peptide and neurotransmitter levels in constipated mice. (A) GAS, (B) MLT, (C) VIP, and (D) NO. Data are obtained from 3 independen...",true
doc_0335,doc_0335.pdf,p8_b0107,figure_caption,paragraph,Figure 3. The B.,demote_to_paragraph,phase5d3_article_plus_single_letter_fragment,Sign-off safe_to_demote and nearby text supports organism/name continuation fragment.,high,false,safe_to_demote,"paragraph: To elucidate the relationship among gut microbiota, SCFA, and mucus secretion following B. breve+LNnT intervention, we conducted a correlation analysis (Figure | paragraph: breve+LNnT promotes intestinal mucus production. (A) MUC2 immunohistochemistry staining, (B) fluorescence in situ hy- bridization (FISH) of Bifidobacterium, (C) Agr2 and Muc2 mRNA...",true
doc_0338,doc_0338.pdf,p10_b0106,table_caption,table_caption,Table 1. Cont.,skip_eval_only_noise,,Sign-off label is eval_only_noise.,medium,false,eval_only_noise,paragraph: 10 of 20 | subsection_heading: ### Neurite density,false
doc_0339,doc_0339.pdf,p10_b0106,table_caption,table_caption,Table 1. Cont.,skip_eval_only_noise,,Sign-off label is eval_only_noise.,medium,false,eval_only_noise,paragraph: 10 of 20 | subsection_heading: ### Neurite density,false
doc_0351,doc_0351.pdf,p6_b0072,figure_caption,figure_caption,Figure 1.,skip_eval_only_noise,,Sign-off label is eval_only_noise.,high,false,eval_only_noise,"paragraph: Construction of KJ012 for Succinate Production by Deletion of ldhA, adhE, and ackA E. coli produces a mixture of lactate, acetate, ethanol, and succinate during glucose fermentati... | paragraph: Fermentation of glucose to succinate. A: Central metabolism indicating genes deleted in constructs engineered for succinate production. Solid arrows represent central fermentative...",false
doc_0351,doc_0351.pdf,p10_b0092,figure_caption,figure_caption,Figure 4.,skip_eval_only_noise,,Sign-off label is eval_only_noise.,high,false,eval_only_noise,"paragraph: Growth during metabolic evolution of KJ012 to produce KJ017, KJ032, and KJ060. Strain KJ012 was sequentially transferred in NBS medium containing 5% (w/v) (A) and 10% (w/v) (B) gl... | paragraph: Summary of fermentation products during the metabolic evolution of strains for succinate and malate production. Cultures were supplemented with sodium acetate as indicated. Black ...",false
doc_0353,doc_0353.pdf,p7_b0026,table_caption,paragraph,Table 1. E.,demote_to_paragraph,phase5d3_broken_organism_or_abbreviation_prefix,Sign-off safe_to_demote and nearby text strongly indicates split organism/abbreviation.,high,false,safe_to_demote,"paragraph: The strains used in this study are listed in | paragraph: coli DH5α, used for vector construction, was cultured in LB medium (10 g/L tryptone, 5 g/L yeast extract, and 5 g/L NaCl). A Competent Cell Preparation Kit (Takara Biomedical Tech...",true
doc_0354,doc_0354.pdf,p2_b0020,table_caption,table_caption,Table S1. 2.,skip_eval_only_noise,,Sign-off label is eval_only_noise.,medium,false,eval_only_noise,"paragraph: Sequences of sgRNA and their corresponding loci are listed in | paragraph: 3. Plasmid construction Genes involved in mogrol synthesis, including S. grosvenorii CDS (SgCDS), EPH3, and CYP87D18, were codon-optimized and synthesized by Genewiz (Itkin et al....",false
doc_0356,doc_0356.pdf,p9_b0076,table_caption,table_caption,Table S1.,skip_keep_as_caption,,Sign-off label is keep_as_caption.,high,false,keep_as_caption,section_heading: ## Supplementary | paragraph: Oligonucleotides and genes were ordered from GENEWIZ. Gibson Assembly toolkit Table 1 | In vitro kinetic characterization of AGE and mutant activities Enzymes Km (μM) kcat (s−1),false
doc_0356,doc_0356.pdf,p10_b0082,table_caption,table_caption,"Supplementary Table S4. For cell culture, Luria–Bertani (LB) medium (per liter: 10.",skip_keep_as_caption,,Sign-off label is keep_as_caption.,medium,false,keep_as_caption,"paragraph: Strains and cultivation conditions All recombinant strains constructed and used in this study are pro- vided in | paragraph: 0 g tryptone, 5.0 g yeast extract, and 5.0 g NaCl) was used unless noted otherwise. For 2′-FL producing strain culture, OSF medium (per liter: 12.5 g K2HPO4·3H2O, 12.0 g yeast ext...",false
doc_0372,doc_0372.pdf,p11_b0076,table_caption,table_caption,Table 1 (continued),skip_eval_only_noise,,Sign-off label is eval_only_noise.,medium,false,eval_only_noise,"paragraph: The bacteria strains and plasmids used in this study are listed in Table 1. The plasmids pYB1k, pLB1s, pRB1k, pXB1k, pLB1k, and pSB1k used for the expres- sion of genes are derive... | subsection_heading: ### Plasmid/strain",false
doc_0377,doc_0377.pdf,p5_b0065,table_caption,table_caption,TABLE 2 Subject disposition.,skip_uncertain,,Sign-off label is uncertain.,medium,false,uncertain,"paragraph: Head circumference mean, cm (SD) 35.8 (1.5) 35.7 (1.3) 35.6 (1.4) 35.7 (1.4) | paragraph: Enrolled/safety population 66 (100.0) 66 (100.0) 89 (100.0) 221 (100.0)",false
doc_0380,doc_0380.pdf,p5_b0064,table_caption,table_caption,Table 3. VAS scores.,skip_keep_as_caption,,Sign-off label is keep_as_caption.,medium,false,keep_as_caption,paragraph: Nausea Weight gain Heartburn Indigestion Swelling Itching Foamy urine 3.3. Clinical Outcomes 3.3.1. Primary Outcome The VAS pain scores were compared among the groups over a 12-we... | paragraph: Baseline 34.00 ± 17.89 36.00 ± 16.98 40.50 ± 17.61 40.0 (20.0–90.0) 6 weeks 33.50 ± 14.24 24.00 ± 12.73 20.0 (10.0–50.0) 30.28 ± 17.70 30.0 (0.0–60.0) 12 weeks 23.06 ± 12.02 20.0 ...,false
doc_0380,doc_0380.pdf,p7_b0083,table_caption,table_caption,Table 4. KWOMAC scores.,skip_keep_as_caption,,Sign-off label is keep_as_caption.,medium,false,keep_as_caption,"paragraph: Compared with the baseline values, the KWOMAC scores of the 600 mg 3′-SL group at 12 weeks significantly decreased (Table 4 and Figure 2A). No significant differences were observe... | paragraph: Baseline 44.45 ± 8.64 43.5 (31.0–59.0) 44.55 ± 8.73 41.5 (32.0–60.0) 44.80 ± 14.28 41.0 (31.0–94.0) 6 weeks 43.45 ± 12.61 41.0 (27.00–76.0) 37.45 ± 9.97 35.0 (20.0–62.0) 34.50 ± 1...",false
doc_0380,doc_0380.pdf,p7_b0101,figure_caption,figure_caption,Figure 2. Cont.,skip_eval_only_noise,,Sign-off label is eval_only_noise.,medium,false,eval_only_noise,title: # 3ʹ-SL 200 mg 3ʹ-SL 600 mg | paragraph: 8 of 12 PEER REVIEW 8 of 12,false
doc_0387,doc_0387.pdf,p2_b0017,table_caption,paragraph,Table 1. E.,demote_to_paragraph,phase5d3_broken_organism_or_abbreviation_prefix,Sign-off safe_to_demote and nearby text strongly indicates split organism/abbreviation.,high,false,safe_to_demote,"paragraph: In the present study, we aimed at investigating the relationship between the polysaccharide portion of LPS and biofilm formation | paragraph: coli strains and plasmids used in this study.",true
doc_0387,doc_0387.pdf,p3_b0032,table_caption,paragraph,Table 1. E.,demote_to_paragraph,phase5d3_broken_organism_or_abbreviation_prefix,Sign-off safe_to_demote and nearby text strongly indicates split organism/abbreviation.,high,false,safe_to_demote,"paragraph: Bacterial strains, plasmids, and culture conditions The bacterial strains and plasmids used in this study are listed in | paragraph: coli strains were grown in LB broth or on LB agar plates. Carbenicillin, chloramphenicol, kanamycin, and spectino- mycin were supplemented at 50, 25, 50 and 50 mg/ml, respec- tive...",true
doc_0388,doc_0388.pdf,p3_b0024,table_caption,paragraph,Table 1. E.,demote_to_paragraph,phase5d3_broken_organism_or_abbreviation_prefix,Sign-off safe_to_demote and nearby text strongly indicates split organism/abbreviation.,high,false,safe_to_demote,paragraph: Bacterial strains and plasmids The bacterial strains and plasmids used in this study are listed in | paragraph: coli DH5α was used as the host for general genetic manipulation. E. coli SA8 (also named E. coli C-8 in previous studies) was a PSA-producing strain (Guo et al. 1998; Qian et al. ...,true
doc_0390,doc_0390.pdf,p6_b0079,figure_caption,figure_caption,Fig. 2. Monthly Weights.,skip_uncertain,,Sign-off label is uncertain.,medium,false,uncertain,"paragraph: Times spent immobile or mobile were not significantly affected by GWI or LNFPIII during the 1st 5 min of the test (p’s > 0.29; Fig. 4F), although a numerical increase and decrease... | paragraph: Monthly weights were monitored and are presented for the start of study (0), post GWI exposure (0.5), start of LNFPIII treatment (6.5), prior to Radial Arm Maze (RAM) food restric...",false
doc_0397,doc_0397.pdf,p35_b0586,table_caption,table_caption,Table 6. Plating Guidelines.,skip_keep_as_caption,,Sign-off label is keep_as_caption.,medium,false,keep_as_caption,paragraph: The plating volume in the following table is the fraction of transformation reaction plated per the total transformation mixture. * When plating <100 μL of the transformation mixt... | title: # Calculating Cloning Efficiency,false
doc_0400,doc_0400.pdf,p2_b0027,table_caption,table_caption,Table S2. 2.,skip_eval_only_noise,,Sign-off label is eval_only_noise.,medium,false,eval_only_noise,"paragraph: INTEGRATE was used for genome integration. Besides pSL1765- VUQBC, which was constructed at General Biology (Chuzhou, China), other pSL1765 plasmids containing N32-specific sequen... | paragraph: 3. Fed-Batch Fermentation. A batch-feeding experiment in a 5 L fermentor was conducted as previously reported.31 In this study, we optimized the formulation of the feeding solutio...",false
doc_0401,doc_0401.pdf,p2_b0028,table_caption,table_caption,Table S2. 2.,skip_eval_only_noise,,Sign-off label is eval_only_noise.,medium,false,eval_only_noise,"paragraph: INTEGRATE was used for genome integration. Besides pSL1765- VUQBC, which was constructed at General Biology (Chuzhou, China), other pSL1765 plasmids containing N32-specific sequen... | paragraph: 3. Fed-Batch Fermentation. A batch-feeding experiment in a 5 L fermentor was conducted as previously reported.31 In this study, we optimized the formulation of the feeding solutio...",false
doc_0402,doc_0402.pdf,p8_b0084,figure_caption,figure_caption,Figure 3 | Continued,skip_eval_only_noise,,Sign-off label is eval_only_noise.,medium,false,eval_only_noise,"paragraph: Upon restimulation by influenza-loaded DCs, low background | figure_caption: Figure 4 | Flow cytometric analysis of T helpher (Th) 1 and regulatory T cell (Tregs) populations in the spleen at day 31. (A) Representative plots of splenic CD4 T-cells from 1% ...",false
doc_0402,doc_0402.pdf,p13_b0108,figure_caption,figure_caption,Figure 7 | Continued,skip_eval_only_noise,,Sign-off label is eval_only_noise.,medium,false,eval_only_noise,"paragraph: Dendritic cells are professional antigen-presenting cells that initiate and prime adaptive immune response, and thus are critically important in the induction of vaccine-specific | figure_caption: Figure 7 | Effects of 2′-fucosyllactose (2′FL) on the phenotypes and antigen presenting capacity of bone marrow-derived dendritic cell (BMDC) in vitro. (A). Representative plots a...",false
doc_0410,doc_0410.pdf,p4_b0066,table_caption,table_caption,table S2).,skip_uncertain,,Sign-off label is uncertain.,medium,false,uncertain,"section_heading: ## supplementary | paragraph: Therefore, LNFP3 was excluded from the final multivariate model. A minimal model accounting only for DSLNT and DPP, provided only a small increase in QIC relative to the final mod...",false
doc_0410,doc_0410.pdf,p6_b0083,table_caption,table_caption,table S1).,skip_uncertain,,Sign-off label is uncertain.,medium,false,uncertain,"section_heading: ## supplementary | paragraph: Furthermore, these HMO were consistently dysregulated in NEC cases. When considering dysregulation over multiple con- secutive days, the separation between cases controls increase...",false
doc_0412,doc_0412.pdf,p13_b0137,table_caption,table_caption,Table 3. (Continued).,skip_eval_only_noise,,Sign-off label is eval_only_noise.,medium,false,eval_only_noise,paragraph: bacteria.99 | paragraph: Intestinal disease Type of Object Intervention,false
doc_0425,doc_0425.pdf,p4_b0030,table_caption,table_caption,Table 1. 2.,skip_eval_only_noise,,Sign-off label is eval_only_noise.,medium,false,eval_only_noise,"paragraph: N.A total RNA isolation kit (Omega Bio-Tek, Norcross, GA) according to the manufacturer's directions. RNA was quantified with a Take3 micro- volume plate and Epoch microplate spec... | paragraph: 9. Data analysis Electrophysiology data was digitized at 10 kHz, low-pass filtered at 1 kHz, and analyzed with pCLAMP 10.2 software (Axon Instruments, Sunnyvale, CA). Electrophysi...",false
doc_0436,doc_0436.pdf,p10_b0075,table_caption,paragraph,Table S1. P.,demote_to_paragraph,phase5d3_broken_organism_or_abbreviation_prefix,Sign-off safe_to_demote and nearby text strongly indicates split organism/abbreviation.,high,false,safe_to_demote,"paragraph: The strains used in this study are listed in Additional file 1: | paragraph: pastoris SHY169 derived from GS115 (Mut+, Additional file 1: Table S1), in which a codon- optimized endo-β-D-1,4-glucanase gene stce1 from Staphylotrichum coccosporum was integrat...",true
doc_0436,doc_0436.pdf,p11_b0084,table_caption,table_caption,Table S2).,skip_uncertain,,Sign-off label is uncertain.,medium,false,uncertain,"paragraph: Yeast transformation was performed using the electro- transformation method [59]. Positive transformants were selected on hygromycin selective plates, which were YPD agar plates c... | paragraph: The YPD medium contained, per liter, 10 g yeast extract, 20 g peptone, and 20 g glucose. The BMGY liquid medium contained, per liter, 10 g yeast extract, 20 g pep- tone, 2.3 g K2H...",false
doc_0436,doc_0436.pdf,p14_b0121,table_caption,paragraph,Table S1. P.,demote_to_paragraph,phase5d3_broken_organism_or_abbreviation_prefix,Sign-off safe_to_demote and nearby text strongly indicates split organism/abbreviation.,high,false,safe_to_demote,paragraph: Additional file 1: | paragraph: pastoris strains used in this study. Table S2.,true
doc_0437,doc_0437.pdf,p1_b0014,table_caption,paragraph,Table 1. E.,demote_to_paragraph,phase5d3_broken_organism_or_abbreviation_prefix,Sign-off safe_to_demote and nearby text strongly indicates split organism/abbreviation.,high,false,safe_to_demote,"paragraph: Bacterial strains, media, and growth conditions. Bacterial strains and plasmids used in this study are shown in | paragraph: coli strains were grown in LB medium (23) for general cloning and maintenance and in the fol- lowing media for sugar utilization experiments: M9 (23) supplemented Published ahead ...",true
doc_0443,doc_0443.pdf,p2_b0026,table_caption,table_caption,Supplementary Table 1. All the sequences except those from E.,skip_descriptive_caption,,Caption has semantic/descriptive content.,medium,false,safe_to_demote,"paragraph: Plasmid construction and strain culturing Plasmids used in this experiment were constructed by the same method: First, target genes were amplified by PCR from source strain. Secon... | paragraph: coli were synthesized after optimizing codons by GeneWiz, and all the recombinant plasmid were transformed to their competent E. coli cells by standard CaCl2-glycerol method.",true
doc_0444,doc_0444.pdf,p4_b0051,figure_caption,figure_caption,Fig. 2. NOR.,skip_uncertain,,Sign-off label is uncertain.,medium,false,uncertain,"paragraph: During the last decades, the concept of early nutrition has gained increasing interest. Currently, many studies and international projects are attempting to elucidate the role of ... | paragraph: Exploration time (s) of familiar and novel object of both experimental groups at young (A) and adult age (B) during the test phase that lasted 5 min. Data are represented as mean±...",false
doc_0448,doc_0448.pdf,p9_b0050,figure_caption,figure_caption,Fig. S3. 3.,skip_eval_only_noise,,Sign-off label is eval_only_noise.,medium,false,eval_only_noise,"paragraph: DMs of 3ʹ-SL-M vs HFD were enriched to 78 pathways, of which five were significant (P < 0.05). The top 20 pathways, including 43 metabolites, mainly involved amino acid metabolism... | paragraph: 7. Analysis of intestinal microflora in colonic contents Compared with the HFD group, the intestinal microflora α diversity of the SA-M and 3′-SL-M groups did not change after the...",false
doc_0457,doc_0457.pdf,p2_b0020,figure_caption,figure_caption,Fig. 2.,skip_eval_only_noise,,Sign-off label is eval_only_noise.,high,false,eval_only_noise,"paragraph: Acetate activation pathways in E. coli. AckA, acetate kinase; Acs, AMP-forming acetyl-CoA synthetase; PDHC, pyruvate dehydrogenase complex, Pta, phosphotransacetylase; TCA, tricar... | paragraph: SdhX regulates ackA gene expression at the posttranscriptional level. (A) Screening of the sRNA library with the PBAD-ackA-lacZ fusion in a ΔsdhX background (FDM1701). Cells were ...",false
doc_0457,doc_0457.pdf,p3_b0034,figure_caption,figure_caption,Fig. 3.,skip_eval_only_noise,,Sign-off label is eval_only_noise.,high,false,eval_only_noise,"paragraph: Therefore, a promoter capable of expressing pta is present in the 3′ end of the ackA ORF (SI Appendix, Fig. S4B), consistent with previous reports (18, 24). A transcript initiatin... | paragraph: SdhX enhances discoordinate expression within the ackA-pta op- eron. (A, Left) A scheme of ackA-pta (red), pta (green), and ackA (blue) transcripts derived from the ackA promoter ...",false
doc_0462,doc_0462.pdf,p5_b0053,table_caption,table_caption,Table 1 (continued),skip_eval_only_noise,,Sign-off label is eval_only_noise.,medium,false,eval_only_noise,"paragraph: Vibrio sp. 5.5 (20 b) 57.5 (Takakura et al., (continued on next page) | paragraph: Source Km [mM] kcat/Km [s−1 mM−1]",false
doc_0462,doc_0462.pdf,p6_b0065,figure_caption,paragraph,Fig 4. The C.,demote_to_paragraph,phase5d3_article_plus_single_letter_fragment,Sign-off safe_to_demote and nearby text supports organism/name continuation fragment.,high,false,safe_to_demote,"paragraph: Iwatani et al., 2009; Kakuta et al., 2008; Ni et al., 2007; Schmölzer et al., 2015) adopt a GT-B fold. Glycosyltransferases of this fold family generally lack the Asp-Xxx-Asp moti... | paragraph: jejuni GT42 SiaTs are functional tetramers in solution (Chiu et al., 2007, Chiu et al., 2004). Their oligomerization is however not essential for catalytic ac tivity of the indivi...",true
doc_0462,doc_0462.pdf,p15_b0225,table_caption,table_caption,Table 6. The SiaC from E.,skip_keep_as_caption,,Sign-off label is keep_as_caption.,low,false,keep_as_caption,"paragraph: Characteristics of SiaCs are summarized in | paragraph: coli KI-M12 (EcSiaC) shows the highest specific activity (487 U/mg protein). The enzyme’s kcat is 422 s-1 (Komaki et al., 1997). EcSiaC also shows highest affinities for the subst...",false
doc_0463,doc_0463.pdf,p6_b0068,table_caption,table_caption,Table 1. 3.,skip_eval_only_noise,,Sign-off label is eval_only_noise.,medium,false,eval_only_noise,"paragraph: Currently, 2′-FL has been widely studied due to its simple structure and high content in HMOs. In addition, 42 types of HMO structures have been used in microbial system productio... | paragraph: 1. Engineered E. coli Routes. 3.1.1. The Engineered E. coli Production of 2′-FL. There are three main elements in the production of 2′-FL: lactose transport in cells, over- expres...",false
doc_0468,doc_0468.pdf,p4_b0046,figure_caption,figure_caption,Figure 1. Examples of bacterial growth curves are presented in Supplementary Figure S1.,skip_eval_only_noise,,Sign-off label is eval_only_noise.,medium,false,eval_only_noise,"paragraph: The bacterial growth with various carbon sources, including growth media without added carbohydrates, is displayed as a heat map in | paragraph: The amount of growth that was associated with medium components, other than added carbohydrates, was similar among all bifidobacterial strains. Slightly more variation was observe...",false
doc_0473,doc_0473.pdf,p9_b0047,figure_caption,figure_caption,Figure 5 Continued,skip_eval_only_noise,,Sign-off label is eval_only_noise.,medium,false,eval_only_noise,"figure_caption: Figure 5. Pearson correlations between total volume of brain white matter, total volume of brain and total brain weight and brain metabolites between the groups at TE 270 ms (**P ... | paragraph: We greatly acknowledge Dr. Chao Suo from Brain & Mental Health laboratory, Monash University for his advice in MRS acquisitions and data analysis; Mr. Richard McIntryre from Monas...",false
doc_0481,doc_0481.pdf,p9_b0091,table_caption,table_caption,Table 1. Secondary endpoints.,skip_keep_as_caption,,Sign-off label is keep_as_caption.,medium,false,keep_as_caption,"paragraph: Levodopa equivalent daily dose −15.7 (± 13.6) −13.8 (± 16.4) −12 (± 19) −21.5 to −10 −20.9 to −6.7 −20.1 to −4 −25 (± 20.6) −20 (± 22) −26.8 (± 22.2) −33.7 to −16.3 −29.5 to −10.4... | paragraph: Changes in clinical parameters LEED, MDS-UPRDS III, PANDA and olfactory score after 3 and 6 months of supplementation. a One way ANOVA; b Kruskal–Wallis test.",false
doc_0484,doc_0484.pdf,p6_b0064,figure_caption,figure_caption,Figure 2. Cont.,skip_eval_only_noise,,Sign-off label is eval_only_noise.,medium,false,eval_only_noise,"paragraph: The inoculum from Donor III differed from that of the other two donors, harbouring Lactobacillus gasserii/johnsonii, Ligilactobacillus salivarius, and Limosilactobacillus vaginali... | paragraph: 7 of 18 croorganisms 2023, 11, x FOR PEER REVIEW 8 o",false
doc_0484,doc_0484.pdf,p9_b0082,table_caption,table_caption,Supplementary Table S2: 16S rRNA amplicon sequencing.,skip_uncertain,,Sign-off label is uncertain.,medium,false,uncertain,"paragraph: 9 of 18 simulation, the relative abundance of Veillonella dispar was higher when B. infantis Bi-26 was not added. In the simulation with Donor II with B. infantis Bi-26, the relat... | paragraph: Microorganisms 2023, 11, x FOR PEER REVIEW 10 of 20",false
doc_0484,doc_0484.pdf,p9_b0085,figure_caption,figure_caption,Figure 4. Cont.,skip_eval_only_noise,,Sign-off label is eval_only_noise.,medium,false,eval_only_noise,"title: # infantis Bi‐26, the relative abundance of B. longum/breve rose with 2′‐FL and 3‐FL, and Bac‐ teroides fragilis decreased compared with control. In the simulation with Donor II w... | paragraph: 10 of 18 Microorganisms 2023, 11, x FOR PEER REVIEW 11 of 20",false
doc_0490,doc_0490.pdf,p2_b0023,table_caption,table_caption,Table 1.,skip_keep_as_caption,,Sign-off label is keep_as_caption.,high,false,keep_as_caption,"paragraph: Evaluation of molecular docking of 2’-FL, 6’-SL, and LAT with TLR4- MD2 Molecular docking was used to analyze the binding efficiency of 2’- FL, 6’-SL, and a negative standard, LAT... | paragraph: Primer sequences.",false
doc_0494,doc_0494.pdf,p5_b0043,figure_caption,figure_caption,Fig. 3. (continued).,skip_eval_only_noise,,Sign-off label is eval_only_noise.,medium,false,eval_only_noise,"figure_caption: Fig. 3. Mass spectrum of the product synthesized by His6-Tp α 2FT with Galβ1–3GlcNAcβ1–3Galβ1–4Glc (a); Galβ1–3GalNAcβProN3 (b), Galβ1–3GalNAcβProN3 (c), Galβ1–3GlcNAc α ProN3 (d)... | paragraph: purification of proteins were analyzed using 12% sodium dodecyl sul fate–polyacrylamide gel electrophoresis (SDS-PAGE) and stained with Coomassie Brilliant Blue. 2.3. One-pot mult...",false
doc_0494,doc_0494.pdf,p6_b0045,figure_caption,figure_caption,Fig. 3. (continued).,skip_eval_only_noise,,Sign-off label is eval_only_noise.,medium,false,eval_only_noise,"paragraph: purification of proteins were analyzed using 12% sodium dodecyl sul fate–polyacrylamide gel electrophoresis (SDS-PAGE) and stained with Coomassie Brilliant Blue. 2.3. One-pot mult... | paragraph: 10 mM lacto-N-tetraose (LNT), 6 μL of purified enzyme His6-Tp2FT, 1 μL of 10 mM MgCl2, 1 μL of 10 mM Tris-HCl was incubated at same pH (8.0) and different temperatures (15°C, 20°C...",false
doc_0496,doc_0496.pdf,p6_b0073,figure_caption,figure_caption,Figure 4. continued,skip_eval_only_noise,,Sign-off label is eval_only_noise.,medium,false,eval_only_noise,paragraph: The color scale from blue (low) to orange (high) represents the FPKM values measured during jujube fruit development. | paragraph: performed on the 12 genes associated with the triterpenoid synthesis (Figure S4).,false
doc_0509,doc_0509.pdf,p6_b0061,table_caption,table_caption,Table S1).,skip_uncertain,,Sign-off label is uncertain.,medium,false,uncertain,"paragraph: Three different but compatible vectors were trans- formed in one strain to optimize the gene expression of these four enzymes. To enable the timely conversion and reinforcement of... | paragraph: As shown in Fig. 5, the titers of LNT II and DCW of all the 24 engineered strains were measured and compared.",false
doc_0509,doc_0509.pdf,p10_b0101,table_caption,table_caption,Table S1. Engineered E.,skip_uncertain,,Sign-off label is uncertain.,medium,false,uncertain,paragraph: Additional file 1: | paragraph: coli strains and constructed plasmids used in this study. Table S2. Primers used in this study. Table S3.,false
doc_0510,doc_0510.pdf,p3_b0032,table_caption,paragraph,Table 1. E.,demote_to_paragraph,phase5d3_broken_organism_or_abbreviation_prefix,Sign-off safe_to_demote and nearby text strongly indicates split organism/abbreviation.,high,false,safe_to_demote,"paragraph: The supernatant filtrated through 0.22 μm membrane was subjected to a Rezex ROA-Organic Acid H+ column (Phenomenex Inc., CA, USA) and a refractive index detector for analysis at 5... | paragraph: coli Strains and Plasmids Used in this Study strains or source strains DH5α F−, φ80d, lacZΔM15, endA1, recA1, hsdR17 (rK−mK−), supE44, thi-1, gyrA96, relA1, Δ (lacZYAargF)U169 Inv...",true
doc_0512,doc_0512.pdf,p2_b0021,table_caption,paragraph,Table S1. The E.,demote_to_paragraph,phase5d3_broken_organism_or_abbreviation_prefix,Sign-off safe_to_demote and nearby text strongly indicates split organism/abbreviation.,high,false,safe_to_demote,paragraph: Construction of Recombinant Plasmids and Strains. The E. coli strains used in this work are summarized in | paragraph: coli DH5α host strain was applied for gene cloning and plasmid reconstruction. The E. coli BL21(DE3) host strain was applied for the construction of the metabolically engineered s...,true
doc_0515,doc_0515.pdf,p2_b0028,table_caption,table_caption,Table S2. 2.,skip_eval_only_noise,,Sign-off label is eval_only_noise.,medium,false,eval_only_noise,"paragraph: INTEGRATE was used for genome integration. Besides pSL1765- VUQBC, which was constructed at General Biology (Chuzhou, China), other pSL1765 plasmids containing N32-specific sequen... | paragraph: 3. Fed-Batch Fermentation. A batch-feeding experiment in a 5 L fermentor was conducted as previously reported.31 In this study, we optimized the formulation of the feeding solutio...",false
doc_0516,doc_0516.pdf,p6_b0066,table_caption,table_caption,Table 1. 3.,skip_eval_only_noise,,Sign-off label is eval_only_noise.,medium,false,eval_only_noise,"paragraph: Currently, 2′-FL has been widely studied due to its simple structure and high content in HMOs. In addition, 42 types of HMO structures have been used in microbial system productio... | paragraph: 1. Engineered E. coli Routes. 3.1.1. The Engineered E. coli Production of 2′-FL. There are three main elements in the production of 2′-FL: lactose transport in cells, over- expres...",false
doc_0518,doc_0518.pdf,p3_b0029,table_caption,paragraph,Table 1. E.,demote_to_paragraph,phase5d3_broken_organism_or_abbreviation_prefix,Sign-off safe_to_demote and nearby text strongly indicates split organism/abbreviation.,high,false,safe_to_demote,"paragraph: Bacterial strains and plasmids used in this study were listed in | paragraph: coli XL1-Blue (Stratagene) was used for plasmid construction. E. coli ATCC 31884 (Tribe, 1987) and QH4 (Huang et al., 2013) strains were starting strains for development of produc...",true
doc_0533,doc_0533.pdf,p2_b0016,table_caption,paragraph,Table S1. E.,demote_to_paragraph,phase5d3_broken_organism_or_abbreviation_prefix,Sign-off safe_to_demote and nearby text strongly indicates split organism/abbreviation.,high,false,safe_to_demote,"paragraph: Bacterial Strains, Media, and Culture Conditions. The bacterial strains used in this study are listed in | paragraph: coli DH5α was used as a host for recombinant DNA manipulation and plasmid construction. E. coli BL21(DE3) and derived strains were used for LNT II production. All strains were gro...",true
doc_0576,doc_0576.pdf,p4_b0031,figure_caption,figure_caption,Fig. 1.,skip_eval_only_noise,,Sign-off label is eval_only_noise.,high,false,eval_only_noise,paragraph: SE OSC | paragraph: Amino Acid Alignment of the Putative Squalene Epoxidases (SE) and Oxidosqualene Cyclases (OSC).,false
doc_0576,doc_0576.pdf,p5_b0041,figure_caption,figure_caption,Fig. 2.,skip_eval_only_noise,,Sign-off label is eval_only_noise.,high,false,eval_only_noise,subsection_heading: ### B | paragraph: GC Traces of Hexane-Extract Obtained by Incubating Squalene with Cell-Free Homogenates from E. coli Having Putative SE (B) and Lacking This Gene (A).,false
doc_0576,doc_0576.pdf,p5_b0047,figure_caption,figure_caption,Fig. 3.,skip_eval_only_noise,,Sign-off label is eval_only_noise.,high,false,eval_only_noise,"paragraph: FID Response Retention time (min) | paragraph: Gas Chromatograms of Hexane-Extracts from Incubation Mixtures of 2,3-Oxidosqualenes with the SHC from A. acidocal- darius.",false
doc_0576,doc_0576.pdf,p6_b0059,figure_caption,figure_caption,Fig. 4.,skip_eval_only_noise,,Sign-off label is eval_only_noise.,high,false,eval_only_noise,"paragraph: Retention time (min) | paragraph: GC Profiles of the Hexane-Extract Obtained by Incubating a Racemic Mixture of (3R,S)-2,3-Oxidosqualene with Cell-Free Extracts, Which Were Obtained from Grown E. coli Having the P...",false
doc_0576,doc_0576.pdf,p6_b0065,figure_caption,figure_caption,Fig. 5.,skip_eval_only_noise,,Sign-off label is eval_only_noise.,high,false,eval_only_noise,"subsection_heading: ### B | paragraph: EI-MS of Authentic Lanosterol (A) and the Enzymatic Product (B) Obtained by Incubating a Racemic Mixture of (3R,S)- 2,3-Oxidosqualene with the Putative OSC.",false
doc_0600,doc_0600.pdf,p3_b0034,figure_caption,figure_caption,Figure 2. Isolation of the E.,skip_keep_as_caption,,Sign-off label is keep_as_caption.,low,false,keep_as_caption,"paragraph: The plasmids used for protein expression were kanamycin-resistant with the exception of the plasmid encod- ing GSTA1, which carried an ampicillin resistance cassette. The 6 protei... | paragraph: coli partner of hHsp70 and assessment of their interaction. (a) SDS-PAGE of the purified fraction containing the human Hsp70 (indicated by a single star) co-purified with a 35 kDa...",false
doc_0613,doc_0613.pdf,p8_b0091,table_caption,table_caption,Table 1. cont.,skip_eval_only_noise,,Sign-off label is eval_only_noise.,medium,false,eval_only_noise,paragraph: Peptide and amino acid transport Amino acid and peptide transport systems were also affected by bile. A gene cluster encoding an ABC oligopeptide transport system was clearly down... | paragraph: Family [domain]* Ratio PD Ratio Td Unknown LCABL_02380 CpsH 1.85 (m) 0.78 LCABL_08850 2.73 LCABL_10560 YvlB 11.05 LCABL_10570 12.34 LCABL_10580 Predicted membrane protein 29.55 LC...,false
doc_0613,doc_0613.pdf,p10_b0114,table_caption,table_caption,Table 2. cont.,skip_eval_only_noise,,Sign-off label is eval_only_noise.,medium,false,eval_only_noise,"paragraph: Among them, it is worth noting the strong induction of the expression of a putative multidrug ABC transporter encoded by genes LCABL_20970 and LCABL_20980, and of a transcriptiona... | paragraph: Family [domain]",false
doc_0617,doc_0617.pdf,p8_b0096,figure_caption,figure_caption,Figure 5. Cont.,skip_eval_only_noise,,Sign-off label is eval_only_noise.,medium,false,eval_only_noise,"paragraph: Agronomy 2024, 14, x FOR PEER REVIEW 9 of 15 | paragraph: 9 of 14 Figure 5. Deconvoluted peaks of C1 spectra for rice straw samples: (a) RS; (b) BM-RS; (c) A-RS; (d)",false
doc_0617,doc_0617.pdf,p12_b0127,table_caption,table_caption,Table 2. Cont.,skip_eval_only_noise,,Sign-off label is eval_only_noise.,medium,false,eval_only_noise,paragraph: 12 of 14 | subsection_heading: ### Biomass Type,false
doc_0631,doc_0631.pdf,p3_b0021,table_caption,table_caption,Table S2. 2.,skip_eval_only_noise,,Sign-off label is eval_only_noise.,medium,false,eval_only_noise,"paragraph: The mice were exposed to cold stimulation at 4 ◦C for 6 h. After that, the rectal temperature was measured using a digital electronic ther mometer. The surface body temperature wa... | paragraph: 8. 16S rRNA sequencing and data analysis The DNAs from feces were extracted using the E.Z.N.A.® soil kit.",false
doc_0641,doc_0641.pdf,p12_b0121,table_caption,table_caption,Table 3 (continued),skip_eval_only_noise,,Sign-off label is eval_only_noise.,medium,false,eval_only_noise,"paragraph: Tamura et al., 2018). A recent study unveiled a robust network of transcriptional activators (bHLH, homodomain factor) and repressors (DNA-binding with one finger, DOF-type TF) th... | paragraph: P450 GenBank ID CYP716A265 MG708187 CYP716A266 MG708188 CYP716A297 OQ107248 Oleanolic acid C-16 oxidation CYP716AL1 AEX07773 Catharanthus roseus Multifunctional C-28 oxidation CYP...",false
doc_0641,doc_0641.pdf,p22_b0197,table_caption,table_caption,Table 8 (continued),skip_eval_only_noise,,Sign-off label is eval_only_noise.,medium,false,eval_only_noise,"paragraph: Recently, a combinatorial metabolic engineering approach utilizing multiple strategies such as increasing precursor supply (cytosolic acetyl- CoA pool), overexpression of triterpe... | paragraph: Engineering strategy Effect on triterpenoid production Heterologous host • Endoplasmic reticulum expansion by disruption of the phosphatidic acid phosphatase-encoding PAH1 through...",false
doc_0661,doc_0661.pdf,p2_b0017,table_caption,paragraph,Table S1. E.,demote_to_paragraph,phase5d3_broken_organism_or_abbreviation_prefix,Sign-off safe_to_demote and nearby text strongly indicates split organism/abbreviation.,high,false,safe_to_demote,"paragraph: Strains, Media, and Growth Conditions. E. coli DH5α (supE44 ΔlacU169 (φ80lacZΔM15) hsdR17 recA1 endA1 gyrA96 thi-1 relA1) was used for general plasmid construction and propagation... | paragraph: coli cells were grown at 37 °C in a Luria−Bertani (LB) medium, and 100 μg/mL ampicillin was supplemented when necessary.28 Yeast cells were grown generally at 30 °C in a YPD mediu...",true
doc_0671,doc_0671.pdf,p3_b0027,table_caption,paragraph,Table 1. E.,demote_to_paragraph,phase5d3_broken_organism_or_abbreviation_prefix,Sign-off safe_to_demote and nearby text strongly indicates split organism/abbreviation.,high,false,safe_to_demote,"paragraph: Escherichia coli JM109 was used for constructing recombinant plasmids. S. cerevisiae Y4 was employed as the original strain, a high-yield strain of squalene constructed previously... | paragraph: coli was cultured in Luria–Bertani medium (10 g/L tryptone, 5 g/L yeast extract, and 10 g/L NaCl) containing 100 mg/L ampicillin at 37°C and 220 rpm, and yeast strains were cultur...",true
doc_0672,doc_0672.pdf,p5_b0049,figure_caption,figure_caption,Figure 4. Opto-S.,skip_uncertain,,Sign-off label is uncertain.,medium,false,uncertain,"paragraph: We propose that this trade-off stems from increased basal enzyme activity, which restricts the dynamic range of | paragraph: cerevisiae strains exhibit robust optogenetic control of ethanol synthesis. (A) Ethanol titers of the opto-S. cerevisiae strains MLy-9 and MLy-10 compared to the control strain ML...",false
doc_0679,doc_0679.pdf,p3_b0027,table_caption,paragraph,Table 1. E.,demote_to_paragraph,phase5d3_broken_organism_or_abbreviation_prefix,Sign-off safe_to_demote and nearby text strongly indicates split organism/abbreviation.,high,false,safe_to_demote,"paragraph: Escherichia coli JM109 was used for constructing recombinant plasmids. S. cerevisiae Y4 was employed as the original strain, a high-yield strain of squalene constructed previously... | paragraph: coli was cultured in Luria–Bertani medium (10 g/L tryptone, 5 g/L yeast extract, and 10 g/L NaCl) containing 100 mg/L ampicillin at 37°C and 220 rpm, and yeast strains were cultur...",true
doc_0683,doc_0683.pdf,p3_b0022,table_caption,paragraph,Table 1. S.,demote_to_paragraph,phase5d3_broken_organism_or_abbreviation_prefix,Sign-off safe_to_demote and nearby text strongly indicates split organism/abbreviation.,high,false,safe_to_demote,paragraph: Yeast strains used in this study are shown in | paragraph: cerevisiae BY4742 was obtained from Invitrogen and used as the parent strain for all yeast strains. Engineered yeast strains were grown in YPD medium with 200 mg/L G418 or 40 mg/L...,true
doc_0684,doc_0684.pdf,p3_b0020,table_caption,table_caption,Table 1. 2.,skip_eval_only_noise,,Sign-off label is eval_only_noise.,medium,false,eval_only_noise,"paragraph: All of the strains were listed in | paragraph: 2. Cloning and sequence analysis of SQEs In our previous research (Zhu et al., 2017), the total cDNA of Glycine max has been obtained. Total RNA of Oryza sativa, Arabidopsis thali...",false
doc_0685,doc_0685.pdf,p17_b0161,figure_caption,figure_caption,Figure 3. A.,skip_needs_manual_pdf_check,,Sign-off label is needs_manual_pdf_check.,high,false,needs_manual_pdf_check,paragraph: mRNA half-life analysis was conducted for the subset of terminators used in | paragraph: mRNA half-life versus fluorescence values are plotted. Half-life values were generated using the GAL1 promoter. Fluorescence values are the same as reported in Figure 2 using,false
doc_0688,doc_0688.pdf,p11_b0073,table_caption,table_caption,Table 1. Cont.,skip_eval_only_noise,,Sign-off label is eval_only_noise.,medium,false,eval_only_noise,paragraph: 11 of 26 | paragraph: Sustainable reduction of glycerol formation Fine-tuning of glycerol 3-phosphate dehydrogenases (GPDH),false
doc_0688,doc_0688.pdf,p12_b0093,table_caption,table_caption,Table 1. Cont.,skip_eval_only_noise,,Sign-off label is eval_only_noise.,medium,false,eval_only_noise,"paragraph: 12 of 26 | paragraph: Increasing acetic acid tolerance Deletion of ADY2 gene 14.7% increase in ethanol yield, in the presence of 3.6 g/L acetic acid [94]",false
doc_0688,doc_0688.pdf,p13_b0108,table_caption,table_caption,Table 2. Cont.,skip_eval_only_noise,,Sign-off label is eval_only_noise.,medium,false,eval_only_noise,paragraph: 13 of 26 | subsection_heading: ### Improvement and/or the Associated Mutations/Changes Detected,false
doc_0688,doc_0688.pdf,p13_b0120,table_caption,table_caption,Table 2. 4.,skip_eval_only_noise,,Sign-off label is eval_only_noise.,medium,false,eval_only_noise,"paragraph: Most of the evolutionary engineering studies to improve yeast for bioethanol produc- tion focus on increasing yeast growth rate and viability, decreasing by-product formation such... | paragraph: 1. Increasing Growth Rate and Viability Increased yeast growth rate and viability are major desirable traits for industrial bioprocesses and for engineering laboratory strains for...",false
