doc_id,source_file,candidates_seen,demoted_count,table_caption_before,table_caption_after,figure_caption_before,figure_caption_after,skipped_eval_only_noise,skipped_uncertain,skipped_manual_pdf_check,skipped_rule_guard
doc_0183,doc_0183.pdf,3,3,2,2,8,5,0,0,0,0
doc_0128,doc_0128.pdf,2,2,6,4,15,15,0,0,0,0
doc_0129,doc_0129.pdf,2,2,6,4,15,15,0,0,0,0
doc_0151,doc_0151.pdf,2,2,2,0,6,6,0,0,0,0
doc_0192,doc_0192.pdf,2,2,2,0,6,6,0,0,0,0
doc_0195,doc_0195.pdf,2,2,2,0,6,6,0,0,0,0
doc_0335,doc_0335.pdf,2,2,2,2,7,5,0,0,0,0
doc_0387,doc_0387.pdf,2,2,3,1,11,11,0,0,0,0
doc_0436,doc_0436.pdf,3,2,5,3,3,3,0,1,0,0
doc_0027,doc_0027.pdf,1,1,1,1,5,4,0,0,0,0
doc_0083,doc_0083.pdf,1,1,0,0,9,8,0,0,0,0
doc_0104,doc_0104.pdf,1,1,3,2,2,2,0,0,0,0
doc_0105,doc_0105.pdf,1,1,2,1,6,6,0,0,0,0
doc_0118,doc_0118.pdf,3,1,10,10,9,8,1,0,0,0
doc_0119,doc_0119.pdf,1,1,3,2,6,6,0,0,0,0
doc_0120,doc_0120.pdf,1,1,6,5,4,4,0,0,0,0
doc_0158,doc_0158.pdf,1,1,4,3,5,5,0,0,0,0
doc_0167,doc_0167.pdf,1,1,3,2,6,6,0,0,0,0
doc_0170,doc_0170.pdf,1,1,1,0,7,7,0,0,0,0
doc_0172,doc_0172.pdf,1,1,1,0,6,6,0,0,0,0
doc_0196,doc_0196.pdf,2,1,5,4,3,3,1,0,0,0
doc_0202,doc_0202.pdf,1,1,3,2,6,6,0,0,0,0
doc_0212,doc_0212.pdf,1,1,1,0,5,5,0,0,0,0
doc_0316,doc_0316.pdf,1,1,2,1,5,5,0,0,0,0
doc_0353,doc_0353.pdf,1,1,1,0,6,6,0,0,0,0
doc_0388,doc_0388.pdf,1,1,3,2,1,1,0,0,0,0
doc_0437,doc_0437.pdf,1,1,3,2,0,0,0,0,0,0
doc_0462,doc_0462.pdf,3,1,10,10,9,8,1,0,0,0
doc_0510,doc_0510.pdf,1,1,3,2,6,6,0,0,0,0
doc_0512,doc_0512.pdf,1,1,1,0,6,6,0,0,0,0
doc_0518,doc_0518.pdf,1,1,1,0,0,0,0,0,0,0
doc_0533,doc_0533.pdf,1,1,1,0,7,7,0,0,0,0
doc_0661,doc_0661.pdf,1,1,3,2,6,6,0,0,0,0
doc_0671,doc_0671.pdf,1,1,2,1,2,2,0,0,0,0
doc_0679,doc_0679.pdf,1,1,2,1,2,2,0,0,0,0
doc_0683,doc_0683.pdf,1,1,1,0,2,2,0,0,0,0
doc_0001,doc_0001.pdf,0,0,1,1,6,6,0,0,0,0
doc_0002,doc_0002.pdf,0,0,2,2,7,7,0,0,0,0
doc_0003,doc_0003.pdf,0,0,2,2,7,7,0,0,0,0
doc_0004,doc_0004.pdf,0,0,0,0,6,6,0,0,0,0
doc_0005,doc_0005.pdf,0,0,2,2,4,4,0,0,0,0
doc_0006,doc_0006.pdf,0,0,0,0,3,3,0,0,0,0
doc_0007,doc_0007.pdf,0,0,4,4,4,4,0,0,0,0
doc_0008,doc_0008.pdf,1,0,1,1,4,4,0,1,0,0
doc_0009,doc_0009.pdf,1,0,2,2,7,7,1,0,0,0
doc_0010,doc_0010.pdf,1,0,1,1,6,6,0,1,0,0
doc_0011,doc_0011.pdf,0,0,2,2,2,2,0,0,0,0
doc_0012,doc_0012.pdf,0,0,1,1,0,0,0,0,0,0
doc_0013,doc_0013.pdf,0,0,1,1,7,7,0,0,0,0
doc_0014,doc_0014.pdf,0,0,1,1,4,4,0,0,0,0
doc_0015,doc_0015.pdf,0,0,1,1,4,4,0,0,0,0
doc_0016,doc_0016.pdf,0,0,1,1,4,4,0,0,0,0
doc_0017,doc_0017.pdf,0,0,0,0,6,6,0,0,0,0
doc_0018,doc_0018.pdf,0,0,0,0,0,0,0,0,0,0
doc_0019,doc_0019.pdf,0,0,0,0,0,0,0,0,0,0
doc_0020,doc_0020.pdf,0,0,0,0,0,0,0,0,0,0
doc_0021,doc_0021.pdf,0,0,0,0,6,6,0,0,0,0
doc_0022,doc_0022.pdf,0,0,1,1,3,3,0,0,0,0
doc_0023,doc_0023.pdf,0,0,0,0,2,2,0,0,0,0
doc_0024,doc_0024.pdf,0,0,0,0,2,2,0,0,0,0
doc_0025,doc_0025.pdf,0,0,1,1,0,0,0,0,0,0
doc_0026,doc_0026.pdf,0,0,0,0,8,8,0,0,0,0
doc_0028,doc_0028.pdf,2,0,3,3,3,3,2,0,0,0
doc_0029,doc_0029.pdf,0,0,4,4,10,10,0,0,0,0
doc_0030,doc_0030.pdf,0,0,0,0,0,0,0,0,0,0
doc_0031,doc_0031.pdf,0,0,0,0,25,25,0,0,0,0
doc_0032,doc_0032.pdf,0,0,0,0,1,1,0,0,0,0
doc_0033,doc_0033.pdf,0,0,2,2,4,4,0,0,0,0
doc_0034,doc_0034.pdf,0,0,0,0,1,1,0,0,0,0
doc_0035,doc_0035.pdf,0,0,0,0,3,3,0,0,0,0
doc_0036,doc_0036.pdf,0,0,0,0,0,0,0,0,0,0
doc_0037,doc_0037.pdf,0,0,0,0,1,1,0,0,0,0
doc_0038,doc_0038.pdf,0,0,0,0,1,1,0,0,0,0
doc_0039,doc_0039.pdf,0,0,2,2,7,7,0,0,0,0
doc_0040,doc_0040.pdf,0,0,1,1,4,4,0,0,0,0
doc_0041,doc_0041.pdf,0,0,4,4,5,5,0,0,0,0
doc_0042,doc_0042.pdf,0,0,0,0,2,2,0,0,0,0
doc_0043,doc_0043.pdf,0,0,0,0,2,2,0,0,0,0
doc_0044,doc_0044.pdf,0,0,2,2,4,4,0,0,0,0
doc_0045,doc_0045.pdf,0,0,3,3,3,3,0,0,0,0
doc_0046,doc_0046.pdf,1,0,0,0,7,7,0,0,0,0
doc_0047,doc_0047.pdf,0,0,0,0,3,3,0,0,0,0
doc_0048,doc_0048.pdf,0,0,0,0,3,3,0,0,0,0
doc_0049,doc_0049.pdf,0,0,2,2,0,0,0,0,0,0
doc_0050,doc_0050.pdf,3,0,1,1,3,3,3,0,0,0
doc_0051,doc_0051.pdf,0,0,0,0,2,2,0,0,0,0
doc_0052,doc_0052.pdf,0,0,0,0,4,4,0,0,0,0
doc_0053,doc_0053.pdf,0,0,2,2,6,6,0,0,0,0
doc_0054,doc_0054.pdf,0,0,1,1,3,3,0,0,0,0
doc_0055,doc_0055.pdf,0,0,0,0,1,1,0,0,0,0
doc_0056,doc_0056.pdf,1,0,2,2,8,8,1,0,0,0
doc_0057,doc_0057.pdf,0,0,2,2,6,6,0,0,0,0
doc_0058,doc_0058.pdf,0,0,2,2,1,1,0,0,0,0
doc_0059,doc_0059.pdf,0,0,1,1,4,4,0,0,0,0
doc_0060,doc_0060.pdf,0,0,4,4,6,6,0,0,0,0
doc_0061,doc_0061.pdf,0,0,0,0,5,5,0,0,0,0
doc_0062,doc_0062.pdf,0,0,0,0,3,3,0,0,0,0
doc_0063,doc_0063.pdf,0,0,0,0,6,6,0,0,0,0
doc_0064,doc_0064.pdf,0,0,0,0,0,0,0,0,0,0
doc_0065,doc_0065.pdf,0,0,2,2,5,5,0,0,0,0
doc_0066,doc_0066.pdf,0,0,1,1,6,6,0,0,0,0
doc_0067,doc_0067.pdf,0,0,1,1,4,4,0,0,0,0
doc_0068,doc_0068.pdf,0,0,0,0,8,8,0,0,0,0
doc_0069,doc_0069.pdf,0,0,0,0,0,0,0,0,0,0
doc_0070,doc_0070.pdf,0,0,2,2,2,2,0,0,0,0
doc_0071,doc_0071.pdf,0,0,3,3,7,7,0,0,0,0
doc_0072,doc_0072.pdf,0,0,0,0,0,0,0,0,0,0
doc_0073,doc_0073.pdf,4,0,0,0,4,4,4,0,0,0
doc_0074,doc_0074.pdf,0,0,2,2,9,9,0,0,0,0
doc_0075,doc_0075.pdf,0,0,1,1,9,9,0,0,0,0
doc_0076,doc_0076.pdf,0,0,3,3,4,4,0,0,0,0
doc_0077,doc_0077.pdf,0,0,0,0,5,5,0,0,0,0
doc_0078,doc_0078.pdf,0,0,0,0,0,0,0,0,0,0
doc_0079,doc_0079.pdf,0,0,0,0,0,0,0,0,0,0
doc_0080,doc_0080.pdf,0,0,0,0,7,7,0,0,0,0
doc_0081,doc_0081.pdf,0,0,0,0,0,0,0,0,0,0
doc_0082,doc_0082.pdf,1,0,2,2,3,3,0,1,0,0
doc_0084,doc_0084.pdf,0,0,4,4,3,3,0,0,0,0
doc_0085,doc_0085.pdf,0,0,0,0,2,2,0,0,0,0
doc_0086,doc_0086.pdf,0,0,3,3,5,5,0,0,0,0
doc_0087,doc_0087.pdf,0,0,1,1,6,6,0,0,0,0
doc_0088,doc_0088.pdf,0,0,0,0,0,0,0,0,0,0
doc_0089,doc_0089.pdf,0,0,0,0,8,8,0,0,0,0
doc_0090,doc_0090.pdf,3,0,8,8,4,4,0,3,0,0
doc_0091,doc_0091.pdf,0,0,1,1,4,4,0,0,0,0
doc_0092,doc_0092.pdf,0,0,3,3,6,6,0,0,0,0
doc_0093,doc_0093.pdf,0,0,0,0,6,6,0,0,0,0
doc_0094,doc_0094.pdf,2,0,2,2,7,7,2,0,0,0
doc_0095,doc_0095.pdf,0,0,1,1,0,0,0,0,0,0
doc_0096,doc_0096.pdf,0,0,1,1,3,3,0,0,0,0
doc_0097,doc_0097.pdf,0,0,0,0,4,4,0,0,0,0
doc_0098,doc_0098.pdf,0,0,0,0,0,0,0,0,0,0
doc_0099,doc_0099.pdf,0,0,0,0,0,0,0,0,0,0
doc_0100,doc_0100.pdf,0,0,0,0,2,2,0,0,0,0
doc_0101,doc_0101.pdf,3,0,3,3,13,13,3,0,0,0
doc_0102,doc_0102.pdf,0,0,1,1,1,1,0,0,0,0
doc_0103,doc_0103.pdf,0,0,1,1,3,3,0,0,0,0
doc_0106,doc_0106.pdf,0,0,1,1,2,2,0,0,0,0
doc_0107,doc_0107.pdf,0,0,2,2,4,4,0,0,0,0
doc_0108,doc_0108.pdf,0,0,0,0,0,0,0,0,0,0
doc_0109,doc_0109.pdf,1,0,1,1,11,11,1,0,0,0
doc_0110,doc_0110.pdf,0,0,2,2,3,3,0,0,0,0
doc_0111,doc_0111.pdf,0,0,1,1,3,3,0,0,0,0
doc_0112,doc_0112.pdf,0,0,1,1,0,0,0,0,0,0
doc_0113,doc_0113.pdf,0,0,5,5,3,3,0,0,0,0
doc_0114,doc_0114.pdf,0,0,1,1,5,5,0,0,0,0
doc_0115,doc_0115.pdf,0,0,2,2,7,7,0,0,0,0
doc_0116,doc_0116.pdf,0,0,0,0,0,0,0,0,0,0
doc_0117,doc_0117.pdf,0,0,0,0,1,1,0,0,0,0
doc_0121,doc_0121.pdf,0,0,0,0,2,2,0,0,0,0
doc_0122,doc_0122.pdf,0,0,1,1,3,3,0,0,0,0
doc_0123,doc_0123.pdf,2,0,3,3,7,7,1,1,0,0
doc_0124,doc_0124.pdf,0,0,2,2,8,8,0,0,0,0
doc_0125,doc_0125.pdf,0,0,1,1,5,5,0,0,0,0
doc_0126,doc_0126.pdf,0,0,0,0,0,0,0,0,0,0
doc_0127,doc_0127.pdf,0,0,2,2,7,7,0,0,0,0
doc_0130,doc_0130.pdf,0,0,0,0,6,6,0,0,0,0
doc_0131,doc_0131.pdf,0,0,4,4,6,6,0,0,0,0
doc_0132,doc_0132.pdf,0,0,1,1,4,4,0,0,0,0
doc_0133,doc_0133.pdf,0,0,0,0,12,12,0,0,0,0
doc_0134,doc_0134.pdf,0,0,0,0,5,5,0,0,0,0
doc_0135,doc_0135.pdf,0,0,0,0,5,5,0,0,0,0
doc_0136,doc_0136.pdf,0,0,0,0,5,5,0,0,0,0
doc_0137,doc_0137.pdf,2,0,4,4,1,1,2,0,0,0
doc_0138,doc_0138.pdf,0,0,1,1,8,8,0,0,0,0
doc_0139,doc_0139.pdf,0,0,4,4,6,6,0,0,0,0
doc_0140,doc_0140.pdf,1,0,1,1,8,8,1,0,0,0
doc_0141,doc_0141.pdf,0,0,2,2,4,4,0,0,0,0
doc_0142,doc_0142.pdf,0,0,0,0,6,6,0,0,0,0
doc_0143,doc_0143.pdf,0,0,2,2,9,9,0,0,0,0
doc_0144,doc_0144.pdf,0,0,2,2,9,9,0,0,0,0
doc_0145,doc_0145.pdf,1,0,1,1,8,8,1,0,0,0
doc_0146,doc_0146.pdf,0,0,2,2,6,6,0,0,0,0
doc_0147,doc_0147.pdf,0,0,4,4,6,6,0,0,0,0
doc_0148,doc_0148.pdf,0,0,2,2,4,4,0,0,0,0
doc_0149,doc_0149.pdf,0,0,4,4,1,1,0,0,0,0
doc_0150,doc_0150.pdf,1,0,4,4,8,8,1,0,0,0
doc_0152,doc_0152.pdf,0,0,4,4,11,11,0,0,0,0
doc_0153,doc_0153.pdf,0,0,1,1,7,7,0,0,0,0
doc_0154,doc_0154.pdf,0,0,4,4,3,3,0,0,0,0
doc_0155,doc_0155.pdf,0,0,2,2,4,4,0,0,0,0
doc_0156,doc_0156.pdf,0,0,3,3,4,4,0,0,0,0
doc_0157,doc_0157.pdf,0,0,2,2,3,3,0,0,0,0
doc_0159,doc_0159.pdf,0,0,0,0,1,1,0,0,0,0
doc_0160,doc_0160.pdf,0,0,2,2,3,3,0,0,0,0
doc_0161,doc_0161.pdf,1,0,1,1,2,2,0,0,1,0
doc_0162,doc_0162.pdf,0,0,0,0,5,5,0,0,0,0
doc_0163,doc_0163.pdf,0,0,2,2,7,7,0,0,0,0
doc_0164,doc_0164.pdf,0,0,2,2,0,0,0,0,0,0
doc_0165,doc_0165.pdf,0,0,1,1,1,1,0,0,0,0
doc_0166,doc_0166.pdf,1,0,4,4,13,13,0,1,0,0
doc_0168,doc_0168.pdf,0,0,0,0,0,0,0,0,0,0
doc_0169,doc_0169.pdf,0,0,3,3,5,5,0,0,0,0
doc_0171,doc_0171.pdf,0,0,1,1,0,0,0,0,0,0
doc_0173,doc_0173.pdf,0,0,0,0,5,5,0,0,0,0
doc_0174,doc_0174.pdf,0,0,3,3,4,4,0,0,0,0
doc_0175,doc_0175.pdf,0,0,4,4,5,5,0,0,0,0
doc_0176,doc_0176.pdf,0,0,2,2,3,3,0,0,0,0
doc_0177,doc_0177.pdf,0,0,3,3,5,5,0,0,0,0
doc_0178,doc_0178.pdf,0,0,1,1,6,6,0,0,0,0
doc_0179,doc_0179.pdf,0,0,4,4,8,8,0,0,0,0
doc_0180,doc_0180.pdf,0,0,1,1,4,4,0,0,0,0
doc_0181,doc_0181.pdf,0,0,1,1,0,0,0,0,0,0
doc_0182,doc_0182.pdf,0,0,2,2,5,5,0,0,0,0
doc_0184,doc_0184.pdf,0,0,5,5,9,9,0,0,0,0
doc_0185,doc_0185.pdf,0,0,1,1,7,7,0,0,0,0
doc_0186,doc_0186.pdf,0,0,1,1,6,6,0,0,0,0
doc_0187,doc_0187.pdf,0,0,1,1,3,3,0,0,0,0
doc_0188,doc_0188.pdf,0,0,6,6,5,5,0,0,0,0
doc_0189,doc_0189.pdf,0,0,0,0,5,5,0,0,0,0
doc_0190,doc_0190.pdf,2,0,5,5,9,9,2,0,0,0
doc_0191,doc_0191.pdf,0,0,1,1,7,7,0,0,0,0
doc_0193,doc_0193.pdf,0,0,1,1,7,7,0,0,0,0
doc_0194,doc_0194.pdf,0,0,1,1,7,7,0,0,0,0
doc_0197,doc_0197.pdf,0,0,1,1,5,5,0,0,0,0
doc_0198,doc_0198.pdf,1,0,2,2,7,7,1,0,0,0
doc_0199,doc_0199.pdf,0,0,1,1,17,17,0,0,0,0
doc_0200,doc_0200.pdf,0,0,0,0,0,0,0,0,0,0
doc_0201,doc_0201.pdf,0,0,1,1,4,4,0,0,0,0
doc_0203,doc_0203.pdf,0,0,2,2,6,6,0,0,0,0
doc_0204,doc_0204.pdf,0,0,0,0,0,0,0,0,0,0
doc_0205,doc_0205.pdf,0,0,0,0,4,4,0,0,0,0
doc_0206,doc_0206.pdf,0,0,0,0,0,0,0,0,0,0
doc_0207,doc_0207.pdf,0,0,1,1,0,0,0,0,0,0
doc_0208,doc_0208.pdf,0,0,2,2,2,2,0,0,0,0
doc_0209,doc_0209.pdf,0,0,0,0,0,0,0,0,0,0
doc_0210,doc_0210.pdf,0,0,2,2,2,2,0,0,0,0
doc_0211,doc_0211.pdf,0,0,0,0,4,4,0,0,0,0
doc_0213,doc_0213.pdf,0,0,0,0,0,0,0,0,0,0
doc_0214,doc_0214.pdf,0,0,0,0,7,7,0,0,0,0
doc_0215,doc_0215.pdf,0,0,0,0,1,1,0,0,0,0
doc_0216,doc_0216.pdf,0,0,0,0,1,1,0,0,0,0
doc_0217,doc_0217.pdf,0,0,5,5,10,10,0,0,0,0
doc_0218,doc_0218.pdf,7,0,1,1,7,7,7,0,0,0
doc_0219,doc_0219.pdf,1,0,3,3,2,2,0,1,0,0
doc_0220,doc_0220.pdf,0,0,0,0,0,0,0,0,0,0
doc_0221,doc_0221.pdf,0,0,0,0,5,5,0,0,0,0
doc_0222,doc_0222.pdf,2,0,2,2,4,4,2,0,0,0
doc_0223,doc_0223.pdf,0,0,0,0,0,0,0,0,0,0
doc_0224,doc_0224.pdf,0,0,0,0,4,4,0,0,0,0
doc_0225,doc_0225.pdf,0,0,0,0,4,4,0,0,0,0
doc_0226,doc_0226.pdf,0,0,3,3,9,9,0,0,0,0
doc_0227,doc_0227.pdf,0,0,1,1,5,5,0,0,0,0
doc_0228,doc_0228.pdf,0,0,0,0,0,0,0,0,0,0
doc_0229,doc_0229.pdf,0,0,1,1,5,5,0,0,0,0
doc_0230,doc_0230.pdf,0,0,1,1,8,8,0,0,0,0
doc_0231,doc_0231.pdf,0,0,2,2,6,6,0,0,0,0
doc_0232,doc_0232.pdf,0,0,1,1,6,6,0,0,0,0
doc_0233,doc_0233.pdf,0,0,2,2,4,4,0,0,0,0
doc_0234,doc_0234.pdf,0,0,4,4,3,3,0,0,0,0
doc_0235,doc_0235.pdf,0,0,0,0,5,5,0,0,0,0
doc_0236,doc_0236.pdf,0,0,1,1,5,5,0,0,0,0
doc_0237,doc_0237.pdf,0,0,2,2,6,6,0,0,0,0
doc_0238,doc_0238.pdf,0,0,3,3,4,4,0,0,0,0
doc_0239,doc_0239.pdf,0,0,0,0,0,0,0,0,0,0
doc_0240,doc_0240.pdf,1,0,3,3,2,2,1,0,0,0
doc_0241,doc_0241.pdf,0,0,1,1,4,4,0,0,0,0
doc_0242,doc_0242.pdf,0,0,0,0,4,4,0,0,0,0
doc_0243,doc_0243.pdf,0,0,2,2,0,0,0,0,0,0
doc_0244,doc_0244.pdf,0,0,1,1,5,5,0,0,0,0
doc_0245,doc_0245.pdf,0,0,0,0,7,7,0,0,0,0
doc_0246,doc_0246.pdf,0,0,1,1,8,8,0,0,0,0
doc_0247,doc_0247.pdf,0,0,0,0,1,1,0,0,0,0
doc_0248,doc_0248.pdf,0,0,0,0,5,5,0,0,0,0
doc_0249,doc_0249.pdf,0,0,3,3,7,7,0,0,0,0
doc_0250,doc_0250.pdf,2,0,0,0,2,2,2,0,0,0
doc_0251,doc_0251.pdf,0,0,2,2,6,6,0,0,0,0
doc_0252,doc_0252.pdf,0,0,0,0,9,9,0,0,0,0
doc_0253,doc_0253.pdf,0,0,0,0,9,9,0,0,0,0
doc_0254,doc_0254.pdf,2,0,3,3,4,4,1,1,0,0
doc_0255,doc_0255.pdf,0,0,0,0,9,9,0,0,0,0
doc_0256,doc_0256.pdf,0,0,1,1,2,2,0,0,0,0
doc_0257,doc_0257.pdf,1,0,0,0,1,1,0,0,0,0
doc_0258,doc_0258.pdf,0,0,2,2,1,1,0,0,0,0
doc_0259,doc_0259.pdf,0,0,0,0,6,6,0,0,0,0
doc_0260,doc_0260.pdf,0,0,2,2,6,6,0,0,0,0
doc_0261,doc_0261.pdf,0,0,4,4,6,6,0,0,0,0
doc_0262,doc_0262.pdf,0,0,0,0,4,4,0,0,0,0
doc_0263,doc_0263.pdf,0,0,1,1,1,1,0,0,0,0
doc_0264,doc_0264.pdf,0,0,0,0,4,4,0,0,0,0
doc_0265,doc_0265.pdf,0,0,0,0,6,6,0,0,0,0
doc_0266,doc_0266.pdf,0,0,4,4,9,9,0,0,0,0
doc_0267,doc_0267.pdf,0,0,0,0,6,6,0,0,0,0
doc_0268,doc_0268.pdf,3,0,2,2,2,2,2,0,0,0
doc_0269,doc_0269.pdf,0,0,0,0,6,6,0,0,0,0
doc_0270,doc_0270.pdf,1,0,1,1,0,0,1,0,0,0
doc_0271,doc_0271.pdf,0,0,1,1,0,0,0,0,0,0
doc_0272,doc_0272.pdf,0,0,1,1,3,3,0,0,0,0
doc_0273,doc_0273.pdf,0,0,4,4,5,5,0,0,0,0
doc_0274,doc_0274.pdf,0,0,0,0,0,0,0,0,0,0
doc_0275,doc_0275.pdf,0,0,1,1,6,6,0,0,0,0
doc_0276,doc_0276.pdf,0,0,0,0,6,6,0,0,0,0
doc_0277,doc_0277.pdf,1,0,1,1,7,7,0,0,0,1
doc_0278,doc_0278.pdf,0,0,0,0,0,0,0,0,0,0
doc_0279,doc_0279.pdf,0,0,1,1,2,2,0,0,0,0
doc_0280,doc_0280.pdf,0,0,0,0,2,2,0,0,0,0
doc_0281,doc_0281.pdf,0,0,1,1,2,2,0,0,0,0
doc_0282,doc_0282.pdf,0,0,6,6,0,0,0,0,0,0
doc_0283,doc_0283.pdf,0,0,0,0,0,0,0,0,0,0
doc_0284,doc_0284.pdf,0,0,0,0,3,3,0,0,0,0
doc_0285,doc_0285.pdf,0,0,0,0,7,7,0,0,0,0
doc_0286,doc_0286.pdf,0,0,0,0,6,6,0,0,0,0
doc_0287,doc_0287.pdf,0,0,1,1,2,2,0,0,0,0
doc_0288,doc_0288.pdf,0,0,1,1,1,1,0,0,0,0
doc_0289,doc_0289.pdf,0,0,0,0,4,4,0,0,0,0
doc_0290,doc_0290.pdf,0,0,0,0,0,0,0,0,0,0
doc_0291,doc_0291.pdf,0,0,1,1,0,0,0,0,0,0
doc_0292,doc_0292.pdf,0,0,0,0,0,0,0,0,0,0
doc_0293,doc_0293.pdf,0,0,0,0,8,8,0,0,0,0
doc_0294,doc_0294.pdf,0,0,1,1,3,3,0,0,0,0
doc_0295,doc_0295.pdf,0,0,0,0,0,0,0,0,0,0
doc_0296,doc_0296.pdf,0,0,4,4,3,3,0,0,0,0
doc_0297,doc_0297.pdf,0,0,0,0,3,3,0,0,0,0
doc_0298,doc_0298.pdf,0,0,0,0,8,8,0,0,0,0
doc_0299,doc_0299.pdf,0,0,0,0,7,7,0,0,0,0
doc_0300,doc_0300.pdf,0,0,0,0,0,0,0,0,0,0
doc_0301,doc_0301.pdf,2,0,0,0,11,11,2,0,0,0
doc_0302,doc_0302.pdf,2,0,2,2,7,7,2,0,0,0
doc_0303,doc_0303.pdf,0,0,0,0,2,2,0,0,0,0
doc_0304,doc_0304.pdf,1,0,1,1,1,1,1,0,0,0
doc_0305,doc_0305.pdf,0,0,0,0,6,6,0,0,0,0
doc_0306,doc_0306.pdf,0,0,0,0,4,4,0,0,0,0
doc_0307,doc_0307.pdf,0,0,0,0,6,6,0,0,0,0
doc_0308,doc_0308.pdf,0,0,1,1,7,7,0,0,0,0
doc_0309,doc_0309.pdf,0,0,1,1,5,5,0,0,0,0
doc_0310,doc_0310.pdf,0,0,3,3,9,9,0,0,0,0
doc_0311,doc_0311.pdf,0,0,0,0,4,4,0,0,0,0
doc_0312,doc_0312.pdf,0,0,2,2,1,1,0,0,0,0
doc_0313,doc_0313.pdf,0,0,0,0,6,6,0,0,0,0
doc_0314,doc_0314.pdf,0,0,0,0,0,0,0,0,0,0
doc_0315,doc_0315.pdf,0,0,2,2,0,0,0,0,0,0
doc_0317,doc_0317.pdf,0,0,0,0,11,11,0,0,0,0
doc_0318,doc_0318.pdf,1,0,2,2,6,6,1,0,0,0
doc_0319,doc_0319.pdf,0,0,2,2,6,6,0,0,0,0
doc_0320,doc_0320.pdf,0,0,1,1,6,6,0,0,0,0
doc_0321,doc_0321.pdf,0,0,0,0,9,9,0,0,0,0
doc_0322,doc_0322.pdf,0,0,1,1,1,1,0,0,0,0
doc_0323,doc_0323.pdf,0,0,1,1,4,4,0,0,0,0
doc_0324,doc_0324.pdf,0,0,5,5,7,7,0,0,0,0
doc_0325,doc_0325.pdf,0,0,0,0,4,4,0,0,0,0
doc_0326,doc_0326.pdf,1,0,2,2,4,4,1,0,0,0
doc_0327,doc_0327.pdf,0,0,0,0,7,7,0,0,0,0
doc_0328,doc_0328.pdf,0,0,3,3,7,7,0,0,0,0
doc_0329,doc_0329.pdf,0,0,1,1,12,12,0,0,0,0
doc_0330,doc_0330.pdf,0,0,0,0,16,16,0,0,0,0
doc_0331,doc_0331.pdf,0,0,1,1,1,1,0,0,0,0
doc_0332,doc_0332.pdf,0,0,1,1,5,5,0,0,0,0
doc_0333,doc_0333.pdf,0,0,0,0,8,8,0,0,0,0
doc_0334,doc_0334.pdf,0,0,4,4,6,6,0,0,0,0
doc_0336,doc_0336.pdf,0,0,1,1,9,9,0,0,0,0
doc_0337,doc_0337.pdf,0,0,1,1,1,1,0,0,0,0
doc_0338,doc_0338.pdf,1,0,8,8,14,14,1,0,0,0
doc_0339,doc_0339.pdf,1,0,8,8,14,14,1,0,0,0
doc_0340,doc_0340.pdf,0,0,0,0,13,13,0,0,0,0
doc_0341,doc_0341.pdf,0,0,1,1,5,5,0,0,0,0
doc_0342,doc_0342.pdf,0,0,0,0,0,0,0,0,0,0
doc_0343,doc_0343.pdf,0,0,0,0,0,0,0,0,0,0
doc_0344,doc_0344.pdf,0,0,0,0,5,5,0,0,0,0
doc_0345,doc_0345.pdf,0,0,1,1,0,0,0,0,0,0
doc_0346,doc_0346.pdf,0,0,0,0,4,4,0,0,0,0
doc_0347,doc_0347.pdf,0,0,2,2,1,1,0,0,0,0
doc_0348,doc_0348.pdf,0,0,2,2,7,7,0,0,0,0
doc_0349,doc_0349.pdf,0,0,1,1,4,4,0,0,0,0
doc_0350,doc_0350.pdf,0,0,0,0,0,0,0,0,0,0
doc_0351,doc_0351.pdf,2,0,0,0,3,3,2,0,0,0
doc_0352,doc_0352.pdf,0,0,2,2,8,8,0,0,0,0
doc_0354,doc_0354.pdf,1,0,2,2,7,7,1,0,0,0
doc_0355,doc_0355.pdf,0,0,0,0,7,7,0,0,0,0
doc_0356,doc_0356.pdf,2,0,2,2,0,0,0,0,0,0
doc_0357,doc_0357.pdf,0,0,3,3,0,0,0,0,0,0
doc_0358,doc_0358.pdf,0,0,1,1,7,7,0,0,0,0
doc_0359,doc_0359.pdf,0,0,0,0,7,7,0,0,0,0
doc_0360,doc_0360.pdf,0,0,2,2,6,6,0,0,0,0
doc_0361,doc_0361.pdf,0,0,0,0,3,3,0,0,0,0
doc_0362,doc_0362.pdf,0,0,2,2,6,6,0,0,0,0
doc_0363,doc_0363.pdf,0,0,2,2,6,6,0,0,0,0
doc_0364,doc_0364.pdf,0,0,3,3,5,5,0,0,0,0
doc_0365,doc_0365.pdf,0,0,3,3,5,5,0,0,0,0
doc_0366,doc_0366.pdf,0,0,0,0,10,10,0,0,0,0
doc_0367,doc_0367.pdf,0,0,0,0,6,6,0,0,0,0
doc_0368,doc_0368.pdf,0,0,1,1,1,1,0,0,0,0
doc_0369,doc_0369.pdf,0,0,1,1,3,3,0,0,0,0
doc_0370,doc_0370.pdf,0,0,5,5,6,6,0,0,0,0
doc_0371,doc_0371.pdf,0,0,2,2,1,1,0,0,0,0
doc_0372,doc_0372.pdf,1,0,1,1,0,0,1,0,0,0
doc_0373,doc_0373.pdf,0,0,0,0,1,1,0,0,0,0
doc_0374,doc_0374.pdf,0,0,0,0,4,4,0,0,0,0
doc_0375,doc_0375.pdf,0,0,0,0,4,4,0,0,0,0
doc_0376,doc_0376.pdf,0,0,4,4,1,1,0,0,0,0
doc_0377,doc_0377.pdf,1,0,5,5,0,0,0,1,0,0
doc_0378,doc_0378.pdf,0,0,0,0,12,12,0,0,0,0
doc_0379,doc_0379.pdf,0,0,1,1,8,8,0,0,0,0
doc_0380,doc_0380.pdf,3,0,6,6,4,4,1,0,0,0
doc_0381,doc_0381.pdf,0,0,0,0,5,5,0,0,0,0
doc_0382,doc_0382.pdf,0,0,2,2,2,2,0,0,0,0
doc_0383,doc_0383.pdf,0,0,0,0,0,0,0,0,0,0
doc_0384,doc_0384.pdf,0,0,1,1,5,5,0,0,0,0
doc_0385,doc_0385.pdf,0,0,0,0,7,7,0,0,0,0
doc_0386,doc_0386.pdf,0,0,1,1,2,2,0,0,0,0
doc_0389,doc_0389.pdf,0,0,1,1,5,5,0,0,0,0
doc_0390,doc_0390.pdf,1,0,1,1,11,11,0,1,0,0
doc_0391,doc_0391.pdf,0,0,2,2,4,4,0,0,0,0
doc_0392,doc_0392.pdf,0,0,0,0,2,2,0,0,0,0
doc_0393,doc_0393.pdf,0,0,2,2,1,1,0,0,0,0
doc_0394,doc_0394.pdf,0,0,1,1,6,6,0,0,0,0
doc_0395,doc_0395.pdf,0,0,0,0,4,4,0,0,0,0
doc_0396,doc_0396.pdf,0,0,1,1,4,4,0,0,0,0
doc_0397,doc_0397.pdf,1,0,6,6,15,15,0,0,0,0
doc_0398,doc_0398.pdf,0,0,0,0,1,1,0,0,0,0
doc_0399,doc_0399.pdf,0,0,0,0,12,12,0,0,0,0
doc_0400,doc_0400.pdf,1,0,2,2,8,8,1,0,0,0
doc_0401,doc_0401.pdf,1,0,2,2,8,8,1,0,0,0
doc_0402,doc_0402.pdf,2,0,1,1,12,12,2,0,0,0
doc_0403,doc_0403.pdf,0,0,0,0,3,3,0,0,0,0
doc_0404,doc_0404.pdf,0,0,1,1,7,7,0,0,0,0
doc_0405,doc_0405.pdf,0,0,3,3,7,7,0,0,0,0
doc_0406,doc_0406.pdf,0,0,0,0,2,2,0,0,0,0
doc_0407,doc_0407.pdf,0,0,0,0,8,8,0,0,0,0
doc_0408,doc_0408.pdf,0,0,1,1,5,5,0,0,0,0
doc_0409,doc_0409.pdf,0,0,0,0,0,0,0,0,0,0
doc_0410,doc_0410.pdf,2,0,3,3,1,1,0,2,0,0
doc_0411,doc_0411.pdf,0,0,0,0,6,6,0,0,0,0
doc_0412,doc_0412.pdf,1,0,4,4,5,5,1,0,0,0
doc_0413,doc_0413.pdf,0,0,0,0,3,3,0,0,0,0
doc_0414,doc_0414.pdf,0,0,0,0,6,6,0,0,0,0
doc_0415,doc_0415.pdf,0,0,0,0,1,1,0,0,0,0
doc_0416,doc_0416.pdf,0,0,0,0,2,2,0,0,0,0
doc_0417,doc_0417.pdf,0,0,0,0,0,0,0,0,0,0
doc_0418,doc_0418.pdf,0,0,0,0,0,0,0,0,0,0
doc_0419,doc_0419.pdf,0,0,0,0,4,4,0,0,0,0
doc_0420,doc_0420.pdf,0,0,0,0,4,4,0,0,0,0
doc_0421,doc_0421.pdf,0,0,5,5,14,14,0,0,0,0
doc_0422,doc_0422.pdf,0,0,5,5,5,5,0,0,0,0
doc_0423,doc_0423.pdf,0,0,0,0,0,0,0,0,0,0
doc_0424,doc_0424.pdf,0,0,4,4,2,2,0,0,0,0
doc_0425,doc_0425.pdf,1,0,1,1,7,7,1,0,0,0
doc_0426,doc_0426.pdf,0,0,0,0,8,8,0,0,0,0
doc_0427,doc_0427.pdf,0,0,0,0,0,0,0,0,0,0
doc_0428,doc_0428.pdf,0,0,1,1,9,9,0,0,0,0
doc_0429,doc_0429.pdf,0,0,2,2,8,8,0,0,0,0
doc_0430,doc_0430.pdf,0,0,0,0,0,0,0,0,0,0
doc_0431,doc_0431.pdf,0,0,0,0,0,0,0,0,0,0
doc_0432,doc_0432.pdf,0,0,6,6,2,2,0,0,0,0
doc_0433,doc_0433.pdf,0,0,1,1,7,7,0,0,0,0
doc_0434,doc_0434.pdf,0,0,1,1,4,4,0,0,0,0
doc_0435,doc_0435.pdf,0,0,1,1,0,0,0,0,0,0
doc_0438,doc_0438.pdf,0,0,3,3,5,5,0,0,0,0
doc_0439,doc_0439.pdf,0,0,0,0,7,7,0,0,0,0
doc_0440,doc_0440.pdf,0,0,1,1,8,8,0,0,0,0
doc_0441,doc_0441.pdf,0,0,0,0,5,5,0,0,0,0
doc_0442,doc_0442.pdf,0,0,5,5,6,6,0,0,0,0
doc_0443,doc_0443.pdf,1,0,1,1,0,0,0,0,0,1
doc_0444,doc_0444.pdf,1,0,0,0,4,4,0,1,0,0
doc_0445,doc_0445.pdf,0,0,0,0,8,8,0,0,0,0
doc_0446,doc_0446.pdf,0,0,0,0,8,8,0,0,0,0
doc_0447,doc_0447.pdf,0,0,0,0,0,0,0,0,0,0
doc_0448,doc_0448.pdf,1,0,0,0,5,5,1,0,0,0
doc_0449,doc_0449.pdf,0,0,0,0,7,7,0,0,0,0
doc_0450,doc_0450.pdf,0,0,1,1,11,11,0,0,0,0
doc_0451,doc_0451.pdf,0,0,2,2,2,2,0,0,0,0
doc_0452,doc_0452.pdf,0,0,2,2,7,7,0,0,0,0
doc_0453,doc_0453.pdf,0,0,1,1,4,4,0,0,0,0
doc_0454,doc_0454.pdf,0,0,6,6,7,7,0,0,0,0
doc_0455,doc_0455.pdf,0,0,1,1,3,3,0,0,0,0
doc_0456,doc_0456.pdf,0,0,0,0,5,5,0,0,0,0
doc_0457,doc_0457.pdf,2,0,0,0,2,2,2,0,0,0
doc_0458,doc_0458.pdf,0,0,3,3,4,4,0,0,0,0
doc_0459,doc_0459.pdf,0,0,0,0,3,3,0,0,0,0
doc_0460,doc_0460.pdf,0,0,3,3,9,9,0,0,0,0
doc_0461,doc_0461.pdf,0,0,0,0,5,5,0,0,0,0
doc_0463,doc_0463.pdf,1,0,1,1,8,8,1,0,0,0
doc_0464,doc_0464.pdf,0,0,0,0,1,1,0,0,0,0
doc_0465,doc_0465.pdf,0,0,3,3,1,1,0,0,0,0
doc_0466,doc_0466.pdf,0,0,1,1,1,1,0,0,0,0
doc_0467,doc_0467.pdf,0,0,4,4,1,1,0,0,0,0
doc_0468,doc_0468.pdf,1,0,5,5,7,7,1,0,0,0
doc_0469,doc_0469.pdf,0,0,2,2,5,5,0,0,0,0
doc_0470,doc_0470.pdf,0,0,0,0,7,7,0,0,0,0
doc_0471,doc_0471.pdf,0,0,0,0,7,7,0,0,0,0
doc_0472,doc_0472.pdf,0,0,1,1,6,6,0,0,0,0
doc_0473,doc_0473.pdf,1,0,1,1,6,6,1,0,0,0
doc_0474,doc_0474.pdf,0,0,2,2,10,10,0,0,0,0
doc_0475,doc_0475.pdf,0,0,2,2,7,7,0,0,0,0
doc_0476,doc_0476.pdf,0,0,0,0,6,6,0,0,0,0
doc_0477,doc_0477.pdf,0,0,1,1,5,5,0,0,0,0
doc_0478,doc_0478.pdf,0,0,0,0,0,0,0,0,0,0
doc_0479,doc_0479.pdf,0,0,0,0,4,4,0,0,0,0
doc_0480,doc_0480.pdf,0,0,4,4,6,6,0,0,0,0
doc_0481,doc_0481.pdf,1,0,1,1,6,6,0,0,0,0
doc_0482,doc_0482.pdf,0,0,3,3,4,4,0,0,0,0
doc_0483,doc_0483.pdf,0,0,1,1,1,1,0,0,0,0
doc_0484,doc_0484.pdf,3,0,3,3,14,14,2,1,0,0
doc_0485,doc_0485.pdf,0,0,6,6,7,7,0,0,0,0
doc_0486,doc_0486.pdf,0,0,0,0,9,9,0,0,0,0
doc_0487,doc_0487.pdf,0,0,0,0,3,3,0,0,0,0
doc_0488,doc_0488.pdf,0,0,1,1,4,4,0,0,0,0
doc_0489,doc_0489.pdf,0,0,0,0,0,0,0,0,0,0
doc_0490,doc_0490.pdf,1,0,1,1,4,4,0,0,0,0
doc_0491,doc_0491.pdf,0,0,0,0,4,4,0,0,0,0
doc_0492,doc_0492.pdf,0,0,0,0,4,4,0,0,0,0
doc_0493,doc_0493.pdf,0,0,3,3,0,0,0,0,0,0
doc_0494,doc_0494.pdf,2,0,0,0,7,7,2,0,0,0
doc_0495,doc_0495.pdf,0,0,1,1,6,6,0,0,0,0
doc_0496,doc_0496.pdf,1,0,6,6,12,12,1,0,0,0
doc_0497,doc_0497.pdf,0,0,0,0,0,0,0,0,0,0
doc_0498,doc_0498.pdf,0,0,0,0,0,0,0,0,0,0
doc_0499,doc_0499.pdf,0,0,1,1,3,3,0,0,0,0
doc_0500,doc_0500.pdf,0,0,1,1,7,7,0,0,0,0
doc_0501,doc_0501.pdf,0,0,0,0,6,6,0,0,0,0
doc_0502,doc_0502.pdf,0,0,1,1,6,6,0,0,0,0
doc_0503,doc_0503.pdf,0,0,1,1,10,10,0,0,0,0
doc_0504,doc_0504.pdf,0,0,0,0,1,1,0,0,0,0
doc_0505,doc_0505.pdf,0,0,0,0,3,3,0,0,0,0
doc_0506,doc_0506.pdf,0,0,2,2,6,6,0,0,0,0
doc_0507,doc_0507.pdf,0,0,0,0,4,4,0,0,0,0
doc_0508,doc_0508.pdf,0,0,1,1,0,0,0,0,0,0
doc_0509,doc_0509.pdf,2,0,2,2,1,1,0,2,0,0
doc_0511,doc_0511.pdf,0,0,1,1,5,5,0,0,0,0
doc_0513,doc_0513.pdf,0,0,0,0,8,8,0,0,0,0
doc_0514,doc_0514.pdf,0,0,1,1,7,7,0,0,0,0
doc_0515,doc_0515.pdf,1,0,2,2,8,8,1,0,0,0
doc_0516,doc_0516.pdf,1,0,1,1,8,8,1,0,0,0
doc_0517,doc_0517.pdf,0,0,0,0,7,7,0,0,0,0
doc_0519,doc_0519.pdf,0,0,0,0,0,0,0,0,0,0
doc_0520,doc_0520.pdf,0,0,1,1,13,13,0,0,0,0
doc_0521,doc_0521.pdf,0,0,0,0,1,1,0,0,0,0
doc_0522,doc_0522.pdf,0,0,1,1,1,1,0,0,0,0
doc_0523,doc_0523.pdf,0,0,1,1,5,5,0,0,0,0
doc_0524,doc_0524.pdf,0,0,0,0,6,6,0,0,0,0
doc_0525,doc_0525.pdf,0,0,1,1,5,5,0,0,0,0
doc_0526,doc_0526.pdf,0,0,0,0,0,0,0,0,0,0
doc_0527,doc_0527.pdf,0,0,0,0,5,5,0,0,0,0
doc_0528,doc_0528.pdf,0,0,1,1,10,10,0,0,0,0
doc_0529,doc_0529.pdf,0,0,1,1,10,10,0,0,0,0
doc_0530,doc_0530.pdf,0,0,2,2,7,7,0,0,0,0
doc_0531,doc_0531.pdf,0,0,0,0,4,4,0,0,0,0
doc_0532,doc_0532.pdf,0,0,2,2,6,6,0,0,0,0
doc_0534,doc_0534.pdf,0,0,0,0,6,6,0,0,0,0
doc_0535,doc_0535.pdf,0,0,1,1,1,1,0,0,0,0
doc_0536,doc_0536.pdf,0,0,0,0,0,0,0,0,0,0
doc_0537,doc_0537.pdf,0,0,0,0,1,1,0,0,0,0
doc_0538,doc_0538.pdf,0,0,0,0,0,0,0,0,0,0
doc_0539,doc_0539.pdf,0,0,0,0,0,0,0,0,0,0
doc_0540,doc_0540.pdf,0,0,0,0,1,1,0,0,0,0
doc_0541,doc_0541.pdf,0,0,0,0,1,1,0,0,0,0
doc_0542,doc_0542.pdf,0,0,0,0,1,1,0,0,0,0
doc_0543,doc_0543.pdf,0,0,1,1,0,0,0,0,0,0
doc_0544,doc_0544.pdf,0,0,0,0,1,1,0,0,0,0
doc_0545,doc_0545.pdf,0,0,0,0,1,1,0,0,0,0
doc_0546,doc_0546.pdf,0,0,0,0,0,0,0,0,0,0
doc_0547,doc_0547.pdf,0,0,0,0,0,0,0,0,0,0
doc_0548,doc_0548.pdf,0,0,5,5,0,0,0,0,0,0
doc_0549,doc_0549.pdf,0,0,0,0,0,0,0,0,0,0
doc_0550,doc_0550.pdf,0,0,0,0,1,1,0,0,0,0
doc_0551,doc_0551.pdf,0,0,0,0,0,0,0,0,0,0
doc_0552,doc_0552.pdf,0,0,2,2,6,6,0,0,0,0
doc_0553,doc_0553.pdf,0,0,1,1,4,4,0,0,0,0
doc_0554,doc_0554.pdf,0,0,0,0,0,0,0,0,0,0
doc_0555,doc_0555.pdf,0,0,1,1,3,3,0,0,0,0
doc_0556,doc_0556.pdf,0,0,0,0,0,0,0,0,0,0
doc_0557,doc_0557.pdf,0,0,0,0,0,0,0,0,0,0
doc_0558,doc_0558.pdf,0,0,0,0,0,0,0,0,0,0
doc_0559,doc_0559.pdf,0,0,3,3,2,2,0,0,0,0
doc_0560,doc_0560.pdf,0,0,0,0,0,0,0,0,0,0
doc_0561,doc_0561.pdf,0,0,0,0,0,0,0,0,0,0
doc_0562,doc_0562.pdf,0,0,0,0,0,0,0,0,0,0
doc_0563,doc_0563.pdf,0,0,0,0,0,0,0,0,0,0
doc_0564,doc_0564.pdf,0,0,0,0,0,0,0,0,0,0
doc_0565,doc_0565.pdf,0,0,2,2,0,0,0,0,0,0
doc_0566,doc_0566.pdf,0,0,0,0,0,0,0,0,0,0
doc_0567,doc_0567.pdf,0,0,0,0,0,0,0,0,0,0
doc_0568,doc_0568.pdf,0,0,0,0,0,0,0,0,0,0
doc_0569,doc_0569.pdf,0,0,0,0,0,0,0,0,0,0
doc_0570,doc_0570.pdf,0,0,0,0,1,1,0,0,0,0
doc_0571,doc_0571.pdf,0,0,2,2,2,2,0,0,0,0
doc_0572,doc_0572.pdf,0,0,0,0,0,0,0,0,0,0
doc_0573,doc_0573.pdf,0,0,1,1,6,6,0,0,0,0
doc_0574,doc_0574.pdf,0,0,0,0,4,4,0,0,0,0
doc_0575,doc_0575.pdf,0,0,0,0,0,0,0,0,0,0
doc_0576,doc_0576.pdf,5,0,0,0,6,6,5,0,0,0
doc_0577,doc_0577.pdf,0,0,2,2,8,8,0,0,0,0
doc_0578,doc_0578.pdf,0,0,0,0,0,0,0,0,0,0
doc_0579,doc_0579.pdf,0,0,0,0,5,5,0,0,0,0
doc_0580,doc_0580.pdf,0,0,2,2,6,6,0,0,0,0
doc_0581,doc_0581.pdf,0,0,0,0,0,0,0,0,0,0
doc_0582,doc_0582.pdf,0,0,2,2,1,1,0,0,0,0
doc_0583,doc_0583.pdf,0,0,0,0,0,0,0,0,0,0
doc_0584,doc_0584.pdf,0,0,1,1,2,2,0,0,0,0
doc_0585,doc_0585.pdf,0,0,0,0,2,2,0,0,0,0
doc_0586,doc_0586.pdf,0,0,0,0,2,2,0,0,0,0
doc_0587,doc_0587.pdf,0,0,0,0,7,7,0,0,0,0
doc_0588,doc_0588.pdf,0,0,0,0,3,3,0,0,0,0
doc_0589,doc_0589.pdf,0,0,2,2,0,0,0,0,0,0
doc_0590,doc_0590.pdf,0,0,0,0,6,6,0,0,0,0
doc_0591,doc_0591.pdf,0,0,1,1,3,3,0,0,0,0
doc_0592,doc_0592.pdf,0,0,0,0,4,4,0,0,0,0
doc_0593,doc_0593.pdf,0,0,1,1,3,3,0,0,0,0
doc_0594,doc_0594.pdf,0,0,0,0,7,7,0,0,0,0
doc_0595,doc_0595.pdf,0,0,4,4,2,2,0,0,0,0
doc_0596,doc_0596.pdf,0,0,2,2,2,2,0,0,0,0
doc_0597,doc_0597.pdf,0,0,2,2,8,8,0,0,0,0
doc_0598,doc_0598.pdf,0,0,1,1,3,3,0,0,0,0
doc_0599,doc_0599.pdf,0,0,0,0,0,0,0,0,0,0
doc_0600,doc_0600.pdf,1,0,1,1,7,7,0,0,0,0
doc_0601,doc_0601.pdf,0,0,0,0,0,0,0,0,0,0
doc_0602,doc_0602.pdf,0,0,0,0,1,1,0,0,0,0
doc_0603,doc_0603.pdf,0,0,0,0,0,0,0,0,0,0
doc_0604,doc_0604.pdf,0,0,1,1,0,0,0,0,0,0
doc_0605,doc_0605.pdf,0,0,0,0,0,0,0,0,0,0
doc_0606,doc_0606.pdf,0,0,0,0,0,0,0,0,0,0
doc_0607,doc_0607.pdf,0,0,3,3,6,6,0,0,0,0
doc_0608,doc_0608.pdf,0,0,0,0,0,0,0,0,0,0
doc_0609,doc_0609.pdf,0,0,0,0,0,0,0,0,0,0
doc_0610,doc_0610.pdf,0,0,0,0,0,0,0,0,0,0
doc_0611,doc_0611.pdf,0,0,3,3,0,0,0,0,0,0
doc_0612,doc_0612.pdf,0,0,0,0,0,0,0,0,0,0
doc_0613,doc_0613.pdf,2,0,5,5,3,3,2,0,0,0
doc_0614,doc_0614.pdf,0,0,0,0,10,10,0,0,0,0
doc_0615,doc_0615.pdf,0,0,0,0,1,1,0,0,0,0
doc_0616,doc_0616.pdf,0,0,0,0,1,1,0,0,0,0
doc_0617,doc_0617.pdf,2,0,6,6,15,15,2,0,0,0
doc_0618,doc_0618.pdf,0,0,2,2,8,8,0,0,0,0
doc_0619,doc_0619.pdf,0,0,0,0,1,1,0,0,0,0
doc_0620,doc_0620.pdf,0,0,0,0,2,2,0,0,0,0
doc_0621,doc_0621.pdf,0,0,0,0,0,0,0,0,0,0
doc_0622,doc_0622.pdf,0,0,1,1,0,0,0,0,0,0
doc_0623,doc_0623.pdf,0,0,0,0,0,0,0,0,0,0
doc_0624,doc_0624.pdf,0,0,1,1,11,11,0,0,0,0
doc_0625,doc_0625.pdf,0,0,0,0,0,0,0,0,0,0
doc_0626,doc_0626.pdf,0,0,0,0,0,0,0,0,0,0
doc_0627,doc_0627.pdf,0,0,1,1,1,1,0,0,0,0
doc_0628,doc_0628.pdf,0,0,0,0,0,0,0,0,0,0
doc_0629,doc_0629.pdf,0,0,0,0,0,0,0,0,0,0
doc_0630,doc_0630.pdf,0,0,0,0,0,0,0,0,0,0
doc_0631,doc_0631.pdf,1,0,2,2,10,10,1,0,0,0
doc_0632,doc_0632.pdf,0,0,0,0,0,0,0,0,0,0
doc_0633,doc_0633.pdf,0,0,0,0,6,6,0,0,0,0
doc_0634,doc_0634.pdf,0,0,0,0,1,1,0,0,0,0
doc_0635,doc_0635.pdf,0,0,0,0,7,7,0,0,0,0
doc_0636,doc_0636.pdf,0,0,0,0,0,0,0,0,0,0
doc_0637,doc_0637.pdf,0,0,1,1,8,8,0,0,0,0
doc_0638,doc_0638.pdf,0,0,0,0,0,0,0,0,0,0
doc_0639,doc_0639.pdf,0,0,0,0,5,5,0,0,0,0
doc_0640,doc_0640.pdf,0,0,1,1,9,9,0,0,0,0
doc_0641,doc_0641.pdf,2,0,3,3,8,8,2,0,0,0
doc_0642,doc_0642.pdf,0,0,0,0,1,1,0,0,0,0
doc_0643,doc_0643.pdf,0,0,0,0,4,4,0,0,0,0
doc_0644,doc_0644.pdf,0,0,5,5,9,9,0,0,0,0
doc_0645,doc_0645.pdf,0,0,0,0,8,8,0,0,0,0
doc_0646,doc_0646.pdf,0,0,0,0,0,0,0,0,0,0
doc_0647,doc_0647.pdf,0,0,0,0,0,0,0,0,0,0
doc_0648,doc_0648.pdf,0,0,0,0,2,2,0,0,0,0
doc_0649,doc_0649.pdf,0,0,0,0,3,3,0,0,0,0
doc_0650,doc_0650.pdf,0,0,0,0,2,2,0,0,0,0
doc_0651,doc_0651.pdf,0,0,0,0,0,0,0,0,0,0
doc_0652,doc_0652.pdf,0,0,0,0,0,0,0,0,0,0
doc_0653,doc_0653.pdf,0,0,0,0,7,7,0,0,0,0
doc_0654,doc_0654.pdf,0,0,0,0,0,0,0,0,0,0
doc_0655,doc_0655.pdf,0,0,0,0,0,0,0,0,0,0
doc_0656,doc_0656.pdf,0,0,0,0,2,2,0,0,0,0
doc_0657,doc_0657.pdf,0,0,0,0,0,0,0,0,0,0
doc_0658,doc_0658.pdf,0,0,0,0,0,0,0,0,0,0
doc_0659,doc_0659.pdf,0,0,1,1,0,0,0,0,0,0
doc_0660,doc_0660.pdf,0,0,2,2,8,8,0,0,0,0
doc_0662,doc_0662.pdf,0,0,0,0,5,5,0,0,0,0
doc_0663,doc_0663.pdf,0,0,0,0,5,5,0,0,0,0
doc_0664,doc_0664.pdf,0,0,0,0,3,3,0,0,0,0
doc_0665,doc_0665.pdf,0,0,0,0,2,2,0,0,0,0
doc_0666,doc_0666.pdf,0,0,0,0,0,0,0,0,0,0
doc_0667,doc_0667.pdf,0,0,0,0,7,7,0,0,0,0
doc_0668,doc_0668.pdf,0,0,0,0,5,5,0,0,0,0
doc_0669,doc_0669.pdf,0,0,0,0,0,0,0,0,0,0
doc_0670,doc_0670.pdf,0,0,3,3,7,7,0,0,0,0
doc_0672,doc_0672.pdf,1,0,1,1,8,8,0,1,0,0
doc_0673,doc_0673.pdf,0,0,0,0,3,3,0,0,0,0
doc_0674,doc_0674.pdf,0,0,3,3,5,5,0,0,0,0
doc_0675,doc_0675.pdf,0,0,1,1,5,5,0,0,0,0
doc_0676,doc_0676.pdf,0,0,2,2,6,6,0,0,0,0
doc_0677,doc_0677.pdf,0,0,1,1,4,4,0,0,0,0
doc_0678,doc_0678.pdf,0,0,0,0,4,4,0,0,0,0
doc_0680,doc_0680.pdf,0,0,0,0,5,5,0,0,0,0
doc_0681,doc_0681.pdf,0,0,0,0,6,6,0,0,0,0
doc_0682,doc_0682.pdf,0,0,0,0,2,2,0,0,0,0
doc_0684,doc_0684.pdf,1,0,1,1,8,8,1,0,0,0
doc_0685,doc_0685.pdf,1,0,0,0,7,7,0,0,1,0
doc_0686,doc_0686.pdf,0,0,1,1,7,7,0,0,0,0
doc_0687,doc_0687.pdf,0,0,3,3,4,4,0,0,0,0
doc_0688,doc_0688.pdf,4,0,6,6,5,5,4,0,0,0
doc_0689,doc_0689.pdf,0,0,1,1,0,0,0,0,0,0
doc_0690,doc_0690.pdf,0,0,0,0,0,0,0,0,0,0
doc_0691,doc_0691.pdf,0,0,0,0,1,1,0,0,0,0
doc_0692,doc_0692.pdf,0,0,0,0,0,0,0,0,0,0
doc_0693,doc_0693.pdf,0,0,0,0,0,0,0,0,0,0
doc_0694,doc_0694.pdf,0,0,0,0,1,1,0,0,0,0
doc_0695,doc_0695.pdf,0,0,1,1,1,1,0,0,0,0
doc_0696,doc_0696.pdf,0,0,0,0,0,0,0,0,0,0
doc_0697,doc_0697.pdf,0,0,0,0,3,3,0,0,0,0
doc_0698,doc_0698.pdf,0,0,0,0,4,4,0,0,0,0
doc_0699,doc_0699.pdf,0,0,0,0,0,0,0,0,0,0
doc_0700,doc_0700.pdf,0,0,0,0,0,0,0,0,0,0
doc_0701,doc_0701.pdf,0,0,0,0,0,0,0,0,0,0
doc_0702,doc_0702.pdf,0,0,0,0,0,0,0,0,0,0
doc_0703,doc_0703.pdf,0,0,3,3,0,0,0,0,0,0
doc_0704,doc_0704.pdf,0,0,0,0,0,0,0,0,0,0
doc_0705,doc_0705.pdf,0,0,0,0,0,0,0,0,0,0
doc_0706,doc_0706.pdf,0,0,0,0,2,2,0,0,0,0
doc_0707,doc_0707.pdf,0,0,2,2,5,5,0,0,0,0
doc_0708,doc_0708.pdf,0,0,0,0,1,1,0,0,0,0
